,Unnamed: 0,DMS_id,DMS_filename,UniProt_ID,taxon,source_organism,target_seq,seq_len,includes_multiple_mutants,DMS_total_number_mutants,DMS_number_single_mutants,DMS_number_multiple_mutants,DMS_binarization_cutoff,DMS_binarization_method,first_author,title,year,jo,region_mutated,molecule_name,selection_assay,selection_type,MSA_filename,MSA_start,MSA_end,MSA_len,MSA_bitscore,MSA_theta,MSA_num_seqs,MSA_perc_cov,MSA_num_cov,MSA_N_eff,MSA_Neff_L,MSA_Neff_L_category,MSA_num_significant,MSA_num_significant_L,raw_DMS_filename,raw_DMS_phenotype_name,raw_DMS_directionality,raw_DMS_mutant_column,weight_file_name,pdb_file,ProteinGym_version,raw_mut_offset,coarse_selection_type,has_pdb_structure,structure_covers_mutated_region,uniprot_sequence,reference_distance_to_uniprot,preferred_pdb
2,2,A0A1I9GEU1_NEIME_Kennouche_2019,A0A1I9GEU1_NEIME_Kennouche_2019.csv,A0A1I9GEU1_NEIME,Prokaryote,Neisseria meningitidis,FTLIELMIVIAIVGILAAVALPAYQDYTARAQVSEAILLAEGQKSAVTEYYLNHGEWPGDNSSAGVATSADIKGKYVQSVTVANGVITAQMASSNVNNEIKSKKLSLWAKRQNGSVKWFCGQPVTRTTATATDVAAANGKTDDKINTKHLPSTCRDDSSAS,161,False,922,922,0,0.141,median,Kennouche,Deep mutational scanning of the Neisseria meningitidis major pilin reveals the importance of pilus tip-mediated adhesion,2019,10.15252/embj.2019102145,1-161,pilin (PilE),"piliation (20D9 anti-pilus monoclonal Ab), aggregation, adhesion (human umbilical vein endothelial cells (HUVECs))",,A0A1I9GEU1_NEIME_full_11-26-2021_b08.a2m,1,161,161,0.8,0.2,5553,0.857,138.0,2183.6,15.82318841,medium,72.0,0.5217391304,A0A1I9GEU1_NEIME_Kennouche_2019.csv,piliation_log2_ratio,1,mutants,A0A1I9GEU1_NEIME_theta_0.2.npy,A0A1I9GEU1_NEIME.pdb,0.1,,Activity,True,False,FTLIELMIVIAIVGILAAVALPAYQDYTARAQVSEAILLAEGQKSAVTEYYLNHGEWPGDNSSAGVATSADIKGKYVQSVTVANGVITAQMASSNVNNEIKSKKLSLWAKRQNGSVKWFCGQPVTRTTATATDVAAANGKTDDKINTKHLPSTCRDDSSAS,0.0,5KUA
3,3,A0A247D711_LISMN_Stadelmann_2021,A0A247D711_LISMN_Stadelmann_2021.csv,A0A247D711_LISMN,Eukaryote,Listeria monocytogenes,MNINDLIREIKNKDYTVKLSGTDSNSITQLIIRVNNDGNEYVISESENESIVEKFISAFKNGWNQEYEDEEEFYNDMQTITLKSELN,87,False,1653,1653,0,-0.0155627327,median,Stadelmann,A deep mutational scanning platform to characterize the fitness landscape of anti-CRISPR proteins,2021,10.1101/2021.08.21.457204,1-87,Anti-CRISPR protein AcrIIA4,activity against SpyCas9 inducing an RFP reporter,Flow cytometry,A0A247D711_LISMN_full_b0.3.a2m,1,87,87,0.2,0.2,1316890,1.0,87.0,188739.9,2169.424138,High,209.0,2.402298851,A0A247D711_LISMN_Stadelmann_2021.csv,mean_prediction,1,mutant,A0A247D711_LISMN_b03_theta_0.2.npy,A0A247D711_LISMN.pdb,1.0,,Activity,True,False,MNINDLIREIKNKDYTVKLSGTDSNSITQLIIRVNNDGNEYVISESENESIVEKFISAFKNGWNQEYEDEEEFYNDMQTITLKSELN,0.0,5XN4
27,27,CALM1_HUMAN_Weile_2017,CALM1_HUMAN_Weile_2017.csv,CALM1_HUMAN,Human,Homo sapiens,MADQLTEEQIAEFKEAFSLFDKDGDGTITTKELGTVMRSLGQNPTEAELQDMINEVDADGNGTIDFPEFLTMMARKMKDTDSEEEIREAFRVFDKDGNGYISAAELRHVMTNLGEKLTDEEVDEMIREADIDGDGQVNYEEFVQMMTAK,149,False,1813,1813,0,0.872790117,median,Weile,A framework for exhaustively mapping functional missense variants,2017,10.15252/msb.20177908,2-149,CALM1,Yeast growth,complementation,CALM1_HUMAN_full_11-26-2021_b03.a2m,1,149,149,0.3,0.2,177633,0.893,133.0,28985.1,217.9330827,high,96.0,0.7218045113,CALM1_HUMAN_Weile_2017.csv,screenscore,1,mutant,CALM1_HUMAN_theta_0.2.npy,CALM1_HUMAN.pdb,0.1,,OrganismalFitness,True,True,MADQLTEEQIAEFKEAFSLFDKDGDGTITTKELGTVMRSLGQNPTEAELQDMINEVDADGNGTIDFPEFLTMMARKMKDTDSEEEIREAFRVFDKDGNGYISAAELRHVMTNLGEKLTDEEVDEMIREADIDGDGQVNYEEFVQMMTAK,0.0,4DJC
38,38,CCDB_ECOLI_Adkar_2012,CCDB_ECOLI_Adkar_2012.csv,CCDB_ECOLI,Prokaryote,Escherichia coli,MQFKVYTYKRESRYRLFVDVQSDIIDTPGRRMVIPLASARLLSDKVSRELYPVVHIGDESWRMMTTDMASVPVSVIGEEVADLSHRENDIKNAINLMFWGI,101,False,1176,1176,0,-19.0,median,Adkar,Protein model discrimination using mutational sensitivity derived from deep sequencing,2012,10.1016/j.str.2011.11.021,2-101,CcdB,Protein toxicity (negative effect on cell growth),toxin activity,CCDB_ECOLI_full_11-26-2021_b02.a2m,1,101,101,0.2,0.2,43564,0.851,86.0,16821.5,195.5988372,high,61.0,0.7093023256,CCDB_ECOLI_Adkar_2012.csv,score,-1,mutant,CCDB_ECOLI_theta_0.2.npy,CCDB_ECOLI.pdb,0.1,,Activity,True,True,MQFKVYTYKRESRYRLFVDVQSDIIDTPGRRMVIPLASARLLSDKVSRELYPVVHIGDESWRMMTTDMASVPVSVIGEEVADLSHRENDIKNAINLMFWGI,0.0,1VUB
39,39,CCDB_ECOLI_Tripathi_2016,CCDB_ECOLI_Tripathi_2016.csv,CCDB_ECOLI,Prokaryote,Escherichia coli,MQFKVYTYKRESRYRLFVDVQSDIIDTPGRRMVIPLASARLLSDKVSRELYPVVHIGDESWRMMTTDMASVPVSVIGEEVADLSHRENDIKNAINLMFWGI,101,False,1663,1663,0,-3.5,manual,Tripathi,"Molecular Determinants of Mutant Phenotypes, Inferred from Saturation Mutagenesis Data",2016,10.1093/molbev/msw182,2-101,ccdB,growth (surrogate for toxicity/activity of CCDB),Growth,CCDB_ECOLI_full_11-26-2021_b02.a2m,1,101,101,0.2,0.2,43564,0.851,86.0,16821.5,195.5988372,high,61.0,0.7093023256,CCDB_ECOLI_Tripathi_2016.csv,score,-1,mutant,CCDB_ECOLI_theta_0.2.npy,CCDB_ECOLI.pdb,0.1,,OrganismalFitness,True,True,MQFKVYTYKRESRYRLFVDVQSDIIDTPGRRMVIPLASARLLSDKVSRELYPVVHIGDESWRMMTTDMASVPVSVIGEEVADLSHRENDIKNAINLMFWGI,0.0,1VUB
52,52,DYR_ECOLI_Nguyen_2023,DYR_ECOLI_Nguyen_2023.csv,DYR_ECOLI,Prokaryote,Escherichia coli,MISLIAALAVDRVIGMENAMPWNLPADLAWFKRNTLNKPVIMGRHTWESIGRPLPGRKNIILSSQPGTDDRVTWVKSVDEAIAACGDVPEIMVIGGGRVYEQFLPKAQKLYLTHIDAEVEGDTHFPDYEPDDWESVFSEFHDADAQNSHSYCFEILERR,159,False,2916,2916,0,0.8,manual,Nguyen,The Genetic Landscape of a Metabolic Interaction,2023,10.1101/2023.05.28.542639,2-159,DHFR,cell growth in âˆ†DHFR bacteria,Growth,DYR_ECOLI_2023-08-07_b01.a2m,1,159,159,0.1,0.2,188828,0.969,154.0,47685.7,309.6474026,High,337.0,2.188311688,542639_file03.xlsx,Avg Growth - WT TYMS,1,Mutation,DYR_ECOLI_theta0.2_2023-08-07_b01.npy,DYR_ECOLI.pdb,1.0,,OrganismalFitness,True,True,MISLIAALAVDRVIGMENAMPWNLPADLAWFKRNTLNKPVIMGRHTWESIGRPLPGRKNIILSSQPGTDDRVTWVKSVDEAIAACGDVPEIMVIGGGRVYEQFLPKAQKLYLTHIDAEVEGDTHFPDYEPDDWESVFSEFHDADAQNSHSYCFEILERR,0.0,1DDR
53,53,DYR_ECOLI_Thompson_2019,DYR_ECOLI_Thompson_2019.csv,DYR_ECOLI,Prokaryote,Escherichia coli,MISLIAALAVDRVIGMENAMPWNLPADLAWFKRNTLNKPVIMGRHTWESIGRPLPGRKNIILSSQPGTDDRVTWVKSVDEAIAACGDVPEIMVIGGGRVYEQFLPKAQKLYLTHIDAEVEGDTHFPDYEPDDWESVFSEFHDADAQNSHSYCFEILERR,159,False,2363,2363,0,-0.5,manual,Thompson,Altered expression of a quality control protease in E. coli reshapes the in vivo mutational landscape of a model enzyme,2019,10.7554/eLife.53476,2-159,folA,"growth (turbidostat; -Lon for natural absence of Lon protease in E. coli, +Lon for exogenous protease)",Growth,DYR_ECOLI_full_11-26-2021_b08.a2m,1,159,159,0.8,0.2,41921,0.981,156.0,12203.2,78.22564103,medium,265.0,1.698717949,DYR_ECOLI_Thompson_plusLon_2019.csv,PlusLon_selection_coefficient,1,mutant,DYR_ECOLI_theta_0.2.npy,DYR_ECOLI.pdb,0.1,,OrganismalFitness,True,True,MISLIAALAVDRVIGMENAMPWNLPADLAWFKRNTLNKPVIMGRHTWESIGRPLPGRKNIILSSQPGTDDRVTWVKSVDEAIAACGDVPEIMVIGGGRVYEQFLPKAQKLYLTHIDAEVEGDTHFPDYEPDDWESVFSEFHDADAQNSHSYCFEILERR,0.0,1DDR
69,69,GRB2_HUMAN_Faure_2021,GRB2_HUMAN_Faure_2021.csv,GRB2_HUMAN,Human,Homo sapiens,MEAIAKYDFKATADDELSFKRGDILKVLNEECDQNWYKAELNGKDGFIPKNYIEMKPHPWFFGKIPRAKAEEMLSKQRHDGAFLIRESESAPGDFSLSVKFGNDVQHFKVLRDGAGKYFLWVVKFNSLNELVDYHRSTSVSRNQQIFLRDIEQVPQQPTYVQALFDFDPQEDGELGFRRGDFIHVMDNSDPNWWKGACHGQTGMFPRNYVTPVNRNV,217,True,63366,1034,62332,-0.7,manual,Faure,Mapping the energetic and allosteric landscapes of protein binding domains,2022,10.1038/s41586-022-04586-4,159-214,GRB2-SH3,Yeast growth,Growth,GRB2_HUMAN_full_11-26-2021_b05.a2m,1,217,217,0.5,0.2,33228,0.816,177.0,1485.9,8.394915254,medium,42.0,0.2372881356,GRB2_HUMAN_Faure_2021.csv,fitness,1,mutant,GRB2_HUMAN_theta_0.2.npy,GRB2_HUMAN.pdb,0.1,,OrganismalFitness,True,True,MEAIAKYDFKATADDELSFKRGDILKVLNEECDQNWYKAELNGKDGFIPKNYIEMKPHPWFFGKIPRAKAEEMLSKQRHDGAFLIRESESAPGDFSLSVKFGNDVQHFKVLRDGAGKYFLWVVKFNSLNELVDYHRSTSVSRNQQIFLRDIEQVPQQPTYVQALFDFDPQEDGELGFRRGDFIHVMDNSDPNWWKGACHGQTGMFPRNYVTPVNRNV,0.0,8DGO
100,100,MYO3_YEAST_Tsuboyama_2023_2BTT,MYO3_YEAST_Tsuboyama_2023_2BTT.csv,MYO3_YEAST,Eukaryote,Saccharomyces cerevisiae,KDPKFEAAYDFPGSGSSSELPLKKGDIVFISRDEPSGWSLAKLLDGSKEGWVPTAYMTPYK,61,True,3297,947,2350,-1.0,manual,Tsuboyama,Mega-scale experimental analysis of protein folding stability in biology and design,2023,10.1038/s41586-023-06328-27,1-61,Myosin-3,Stability,cDNA display proteolysis,MYO3_YEAST_2023-08-07_b07.a2m,1,61,61,0.7,0.2,442941,0.885,54.0,12893.2,238.762963,High,51.0,0.9444444444,Tsuboyama2023_Dataset2_Dataset24,ddG_ML_float,1,mut_type,MYO3_YEAST_theta0.2_2023-08-07_b07.npy,MYO3_YEAST.pdb,1.0,,Stability,True,False,MAVIKKGARRKDVKEPKKRSAKIKKATFDANKKKEVGISDLTLLSKISDESINENLKKRFKNGIIYTYIGHVLISVNPFRDLGIYTNAVLESYKGKNRLEVPPHVFAIAESMYYNLKSYNENQCVIISGESGAGKTEAAKRIMQYIAAASNSHSESIGKIKDMVLATNPLLESFGCAKTLRNNNSSRHGKYLEIKFNSQFEPCAGNITNYLLEKQRVVGQIKNERNFHIFYQFTKGASDTYKQMFGVQMPEQYIYTAAAGCTTADTIDDVKDYEGTLEAMRTIGLVQEEQDQIFRMLAAILWIGNISFIENEEGNAQVGDTSVTDFVAYLLQVDASLLVKCLVERIMQTSHGMKRGSVYHVPLNPVQATAVRDALAKAIYNNLFDWIVDRVNVSLQAFPGADKSIGILDIYGFEIFEHNSFEQICINYVNEKLQQIFIQLTLKAEQETYEREKIKWTPIKYFDNKVVCDLIEAKNPPGILAAMNDSIATAHADSNAADQAFAQRLNLFNSNPYFELRANKFVIKHYAGDVTYDINGITDKNKDQLQKDLIELIGTTTNTFLSTIFPDDVDKDSKRRPPTAGDKIIKSANELVETLSKAEPSYIRTIKPNQTKSPNDYDDHQVLHQVKYLGLQENVRIRRAGFAYRQTFEKFVERFYLLSPDCSYAGDYTWDGDTLEAVKLILRDAMIPEKEFQLGVTSVFIKTPESLFALEDMRDKYWYNMAARIQRAWRRFLQRRIDAAIKIQRTIREKKGGNKYVKLRDYGTKLLAGKKERRSMSLLGYRAFMGDYLSCNESKTKGSYIRRQVGIKDKVVFSIKGECLHSKFGRSAQRLKKVFILTKKTFYIIGQTREQNAMKYTQDYKIDVGKIKQVSLTNLQDDWMGVILVNSTQSDPLINTPFKTELMTRLKKLNEKIMIKVGPTIEYHKQPNKLHTVRSKISDSAPKYGDIYKSSTIYVRRGHPANSKSNKKPKNPGGLSGKPIKSKKSKHKSTHKHTHSHRSHRDAAKKQPLPSQKPVNPLSLAATAAQAAYNPKPDKTVPIKSSAIPAAKVSSKHSSKPSSKEKVAVKKASSSHKSSSAKQNQVSMPPSKGVEKNKEPLKETTATATANIPIPPPPPPMGQPKDPKFEAAYDFPGSGSSSELPLKKGDIVFISRDEPSGWSLAKLLDGSKEGWVPTAYMTPYKDTRNTVPVAATGAVNDVTNQKSSQIDNTISSAQEGVQFGSATVGPTSDNQSNPVGTFSDGLASALAARANKMRAESADDDDNDDGDDDDDW,0.0,2BTT
120,120,P84126_THETH_Chan_2017,P84126_THETH_Chan_2017.csv,P84126_THETH,Prokaryote,Thermus thermophilus,MRPDLSRVPGVLGEIARKRASEVAPYPLPEPPSVPSFKEALLRPGLSVIAEVKRQSPSEGLIREVDPVEAALAYARGGARAVSVLTEPHRFGGSLLDLKRVREAVDLPLLRKDFVVDPFMLEEARAFGASAALLIVALLGELTGAYLEEARRLGLEALVEVHTERELEIALEAGAEVLGINNRDLATLHINLETAPRLGRLARKRGFGGVLVAESGYSRKEELKALEGLFDAVLIGTSLMRAPDLEAALRELVG,254,False,1519,1519,0,-0.5,manual,Chan,Correlation of fitness landscapes from three orthologous TIM barrels originates from sequence and structure constraints,2017,10.1038/ncomms14614,44-238,TIM Barrell (T. thermophilus),fitness,Growth,P84126_THETH_full_11-26-2021_b04.a2m,1,254,254,0.4,0.2,53441,0.941,239.0,10704.6,44.78912134,medium,390.0,1.631799163,P84126_THETH_Chan_2017.csv,fitness,1,mutant,P84126_THETH_theta_0.2.npy,P84126_THETH.pdb,0.1,,OrganismalFitness,True,False,MRPDLSRVPGVLGEIARKRASEVAPYPLPEPPSVPSFKEALLRPGLSVIAEVKRQSPSEGLIREVDPVEAALAYARGGARAVSVLTEPHRFGGSLLDLKRVREAVDLPLLRKDFVVDPFMLEEARAFGASAALLIVALLGELTGAYLEEARRLGLEALVEVHTERELEIALEAGAEVLGINNRDLATLHINLETAPRLGRLARKRGFGGVLVAESGYSRKEELKALEGLFDAVLIGTSLMRAPDLEAALRELVG,0.0,1VC4
125,125,PIN1_HUMAN_Tsuboyama_2023_1I6C,PIN1_HUMAN_Tsuboyama_2023_1I6C.csv,PIN1_HUMAN,Human,Homo sapiens,KLPPGWEKRMSRSSGRVYYFNHITNASQWERPSGNSSSG,39,True,802,686,116,-0.6844420472,median,Tsuboyama,Mega-scale experimental analysis of protein folding stability in biology and design,2023,10.1038/s41586-023-06328-34,1-39,Peptidyl-prolyl cis-trans isomerase NIMA-interacting 1,Stability,cDNA display proteolysis,PIN1_HUMAN_2023-08-07_b02.a2m,1,39,39,0.2,0.2,248269,0.821,32.0,10833.2,338.5375,High,13.0,0.40625,Tsuboyama2023_Dataset2_Dataset31,ddG_ML_float,1,mut_type,PIN1_HUMAN_theta0.2_2023-08-07_b02.npy,PIN1_HUMAN.pdb,1.0,,Stability,True,True,MADEEKLPPGWEKRMSRSSGRVYYFNHITNASQWERPSGNSSSGGKNGQGEPARVRCSHLLVKHSQSRRPSSWRQEKITRTKEEALELINGYIQKIKSGEEDFESLASQFSDCSSAKARGDLGAFSRGQMQKPFEDASFALRTGEMSGPVFTDSGIHIILRTE,0.0,1I6C
136,136,PSAE_SYNP2_Tsuboyama_2023_1PSE,PSAE_SYNP2_Tsuboyama_2023_1PSE.csv,PSAE_SYNP2,Prokaryote,Synechococcus sp.,AIERGSKVKILRKESYWYGDVGTVASIDKSGIIYPVIVRFNKVNYNGFSGSAGGLNTNNFAEHELEVV,68,True,1579,1219,360,-0.7,manual,Tsuboyama,Mega-scale experimental analysis of protein folding stability in biology and design,2023,10.1038/s41586-023-06328-39,1-68,Photosystem I reaction center subunit IV,Stability,cDNA display proteolysis,PSAE_SYNP2_2023-08-07_b09.a2m,1,68,68,0.9,0.2,1785,0.868,59.0,130.7,2.215254237,Medium,9.0,0.1525423729,Tsuboyama2023_Dataset2_Dataset36,ddG_ML_float,1,mut_type,PSAE_SYNP2_theta0.2_2023-08-07_b09.npy,PSAE_SYNP2.pdb,1.0,,Stability,True,False,MAIERGSKVKILRKESYWYGDVGTVASIDKSGIIYPVIVRFNKVNYNGFSGSAGGLNTNNFAEHELEVVG,0.0,1PSE
147,147,R1AB_SARS2_Flynn_2022,R1AB_SARS2_Flynn_2022.csv,R1AB_SARS2,Virus,SARS-COV2,SGFRKMAFPSGKVEGCMVQVTCGTTTLNGLWLDDVVYCPRHVICTSEDMLNPNYEDLLIRKSNHNFLVQAGNVQLRVIGHSMQNCVLKLKVDTANPKTPKYKFVRIQPGQTFSVLACYNGSPSGVYQCAMRPNFTIKGSFLNGSCGSVGFNIDYDCVSFCYMHHMELPTGVHAGTDLEGNFYGPFVDRQTAQAAGTDTTITVNVLAWLYAAVINGDRWFLNRFTTTLNDFNLVAMKYNYEPLTQDHVDILGPLSAQTGIAVLDMCASLKELLQNGMNGRTILGSALLEDEFTPFDVVRQCSGVTFQ,306,False,5725,5725,0,0.5,manual,Flynn,Comprehensive fitness landscape of SARS-CoV-2 Mpro reveals insights into viral resistance mechanisms,2022,10.7554/eLife.77433,1-306,mpro,"FRET, Growth",,R1AB_SARS2_02-19-2022_b07.a2m,1,306,306,0.7,0.01,182169,1.0,306.0,326.3,1.066339869,medium,79.0,0.2581699346,R1AB_SARS2_Flynn_2022.csv,average_growth,1,mutant,R1AB_SARS2_theta_0.01.npy,R1AB_SARS2.pdb,0.1,,OrganismalFitness,True,False,MESLVPGFNEKTHVQLSLPVLQVRDVLVRGFGDSVEEVLSEARQHLKDGTCGLVEVEKGVLPQLEQPYVFIKRSDARTAPHGHVMVELVAELEGIQYGRSGETLGVLVPHVGEIPVAYRKVLLRKNGNKGAGGHSYGADLKSFDLGDELGTDPYEDFQENWNTKHSSGVTRELMRELNGGAYTRYVDNNFCGPDGYPLECIKDLLARAGKASCTLSEQLDFIDTKRGVYCCREHEHEIAWYTERSEKSYELQTPFEIKLAKKFDTFNGECPNFVFPLNSIIKTIQPRVEKKKLDGFMGRIRSVYPVASPNECNQMCLSTLMKCDHCGETSWQTGDFVKATCEFCGTENLTKEGATTCGYLPQNAVVKIYCPACHNSEVGPEHSLAEYHNESGLKTILRKGGRTIAFGGCVFSYVGCHNKCAYWVPRASANIGCNHTGVVGEGSEGLNDNLLEILQKEKVNINIVGDFKLNEEIAIILASFSASTSAFVETVKGLDYKAFKQIVESCGNFKVTKGKAKKGAWNIGEQKSILSPLYAFASEAARVVRSIFSRTLETAQNSVRVLQKAAITILDGISQYSLRLIDAMMFTSDLATNNLVVMAYITGGVVQLTSQWLTNIFGTVYEKLKPVLDWLEEKFKEGVEFLRDGWEIVKFISTCACEIVGGQIVTCAKEIKESVQTFFKLVNKFLALCADSIIIGGAKLKALNLGETFVTHSKGLYRKCVKSREETGLLMPLKAPKEIIFLEGETLPTEVLTEEVVLKTGDLQPLEQPTSEAVEAPLVGTPVCINGLMLLEIKDTEKYCALAPNMMVTNNTFTLKGGAPTKVTFGDDTVIEVQGYKSVNITFELDERIDKVLNEKCSAYTVELGTEVNEFACVVADAVIKTLQPVSELLTPLGIDLDEWSMATYYLFDESGEFKLASHMYCSFYPPDEDEEEGDCEEEEFEPSTQYEYGTEDDYQGKPLEFGATSAALQPEEEQEEDWLDDDSQQTVGQQDGSEDNQTTTIQTIVEVQPQLEMELTPVVQTIEVNSFSGYLKLTDNVYIKNADIVEEAKKVKPTVVVNAANVYLKHGGGVAGALNKATNNAMQVESDDYIATNGPLKVGGSCVLSGHNLAKHCLHVVGPNVNKGEDIQLLKSAYENFNQHEVLLAPLLSAGIFGADPIHSLRVCVDTVRTNVYLAVFDKNLYDKLVSSFLEMKSEKQVEQKIAEIPKEEVKPFITESKPSVEQRKQDDKKIKACVEEVTTTLEETKFLTENLLLYIDINGNLHPDSATLVSDIDITFLKKDAPYIVGDVVQEGVLTAVVIPTKKAGGTTEMLAKALRKVPTDNYITTYPGQGLNGYTVEEAKTVLKKCKSAFYILPSIISNEKQEILGTVSWNLREMLAHAEETRKLMPVCVETKAIVSTIQRKYKGIKIQEGVVDYGARFYFYTSKTTVASLINTLNDLNETLVTMPLGYVTHGLNLEEAARYMRSLKVPATVSVSSPDAVTAYNGYLTSSSKTPEEHFIETISLAGSYKDWSYSGQSTQLGIEFLKRGDKSVYYTSNPTTFHLDGEVITFDNLKTLLSLREVRTIKVFTTVDNINLHTQVVDMSMTYGQQFGPTYLDGADVTKIKPHNSHEGKTFYVLPNDDTLRVEAFEYYHTTDPSFLGRYMSALNHTKKWKYPQVNGLTSIKWADNNCYLATALLTLQQIELKFNPPALQDAYYRARAGEAANFCALILAYCNKTVGELGDVRETMSYLFQHANLDSCKRVLNVVCKTCGQQQTTLKGVEAVMYMGTLSYEQFKKGVQIPCTCGKQATKYLVQQESPFVMMSAPPAQYELKHGTFTCASEYTGNYQCGHYKHITSKETLYCIDGALLTKSSEYKGPITDVFYKENSYTTTIKPVTYKLDGVVCTEIDPKLDNYYKKDNSYFTEQPIDLVPNQPYPNASFDNFKFVCDNIKFADDLNQLTGYKKPASRELKVTFFPDLNGDVVAIDYKHYTPSFKKGAKLLHKPIVWHVNNATNKATYKPNTWCIRCLWSTKPVETSNSFDVLKSEDAQGMDNLACEDLKPVSEEVVENPTIQKDVLECNVKTTEVVGDIILKPANNSLKITEEVGHTDLMAAYVDNSSLTIKKPNELSRVLGLKTLATHGLAAVNSVPWDTIANYAKPFLNKVVSTTTNIVTRCLNRVCTNYMPYFFTLLLQLCTFTRSTNSRIKASMPTTIAKNTVKSVGKFCLEASFNYLKSPNFSKLINIIIWFLLLSVCLGSLIYSTAALGVLMSNLGMPSYCTGYREGYLNSTNVTIATYCTGSIPCSVCLSGLDSLDTYPSLETIQITISSFKWDLTAFGLVAEWFLAYILFTRFFYVLGLAAIMQLFFSYFAVHFISNSWLMWLIINLVQMAPISAMVRMYIFFASFYYVWKSYVHVVDGCNSSTCMMCYKRNRATRVECTTIVNGVRRSFYVYANGGKGFCKLHNWNCVNCDTFCAGSTFISDEVARDLSLQFKRPINPTDQSSYIVDSVTVKNGSIHLYFDKAGQKTYERHSLSHFVNLDNLRANNTKGSLPINVIVFDGKSKCEESSAKSASVYYSQLMCQPILLLDQALVSDVGDSAEVAVKMFDAYVNTFSSTFNVPMEKLKTLVATAEAELAKNVSLDNVLSTFISAARQGFVDSDVETKDVVECLKLSHQSDIEVTGDSCNNYMLTYNKVENMTPRDLGACIDCSARHINAQVAKSHNIALIWNVKDFMSLSEQLRKQIRSAAKKNNLPFKLTCATTRQVVNVVTTKIALKGGKIVNNWLKQLIKVTLVFLFVAAIFYLITPVHVMSKHTDFSSEIIGYKAIDGGVTRDIASTDTCFANKHADFDTWFSQRGGSYTNDKACPLIAAVITREVGFVVPGLPGTILRTTNGDFLHFLPRVFSAVGNICYTPSKLIEYTDFATSACVLAAECTIFKDASGKPVPYCYDTNVLEGSVAYESLRPDTRYVLMDGSIIQFPNTYLEGSVRVVTTFDSEYCRHGTCERSEAGVCVSTSGRWVLNNDYYRSLPGVFCGVDAVNLLTNMFTPLIQPIGALDISASIVAGGIVAIVVTCLAYYFMRFRRAFGEYSHVVAFNTLLFLMSFTVLCLTPVYSFLPGVYSVIYLYLTFYLTNDVSFLAHIQWMVMFTPLVPFWITIAYIICISTKHFYWFFSNYLKRRVVFNGVSFSTFEEAALCTFLLNKEMYLKLRSDVLLPLTQYNRYLALYNKYKYFSGAMDTTSYREAACCHLAKALNDFSNSGSDVLYQPPQTSITSAVLQSGFRKMAFPSGKVEGCMVQVTCGTTTLNGLWLDDVVYCPRHVICTSEDMLNPNYEDLLIRKSNHNFLVQAGNVQLRVIGHSMQNCVLKLKVDTANPKTPKYKFVRIQPGQTFSVLACYNGSPSGVYQCAMRPNFTIKGSFLNGSCGSVGFNIDYDCVSFCYMHHMELPTGVHAGTDLEGNFYGPFVDRQTAQAAGTDTTITVNVLAWLYAAVINGDRWFLNRFTTTLNDFNLVAMKYNYEPLTQDHVDILGPLSAQTGIAVLDMCASLKELLQNGMNGRTILGSALLEDEFTPFDVVRQCSGVTFQSAVKRTIKGTHHWLLLTILTSLLVLVQSTQWSLFFFLYENAFLPFAMGIIAMSAFAMMFVKHKHAFLCLFLLPSLATVAYFNMVYMPASWVMRIMTWLDMVDTSLSGFKLKDCVMYASAVVLLILMTARTVYDDGARRVWTLMNVLTLVYKVYYGNALDQAISMWALIISVTSNYSGVVTTVMFLARGIVFMCVEYCPIFFITGNTLQCIMLVYCFLGYFCTCYFGLFCLLNRYFRLTLGVYDYLVSTQEFRYMNSQGLLPPKNSIDAFKLNIKLLGVGGKPCIKVATVQSKMSDVKCTSVVLLSVLQQLRVESSSKLWAQCVQLHNDILLAKDTTEAFEKMVSLLSVLLSMQGAVDINKLCEEMLDNRATLQAIASEFSSLPSYAAFATAQEAYEQAVANGDSEVVLKKLKKSLNVAKSEFDRDAAMQRKLEKMADQAMTQMYKQARSEDKRAKVTSAMQTMLFTMLRKLDNDALNNIINNARDGCVPLNIIPLTTAAKLMVVIPDYNTYKNTCDGTTFTYASALWEIQQVVDADSKIVQLSEISMDNSPNLAWPLIVTALRANSAVKLQNNELSPVALRQMSCAAGTTQTACTDDNALAYYNTTKGGRFVLALLSDLQDLKWARFPKSDGTGTIYTELEPPCRFVTDTPKGPKVKYLYFIKGLNNLNRGMVLGSLAATVRLQAGNATEVPANSTVLSFCAFAVDAAKAYKDYLASGGQPITNCVKMLCTHTGTGQAITVTPEANMDQESFGGASCCLYCRCHIDHPNPKGFCDLKGKYVQIPTTCANDPVGFTLKNTVCTVCGMWKGYGCSCDQLREPMLQSADAQSFLNRVCGVSAARLTPCGTGTSTDVVYRAFDIYNDKVAGFAKFLKTNCCRFQEKDEDDNLIDSYFVVKRHTFSNYQHEETIYNLLKDCPAVAKHDFFKFRIDGDMVPHISRQRLTKYTMADLVYALRHFDEGNCDTLKEILVTYNCCDDDYFNKKDWYDFVENPDILRVYANLGERVRQALLKTVQFCDAMRNAGIVGVLTLDNQDLNGNWYDFGDFIQTTPGSGVPVVDSYYSLLMPILTLTRALTAESHVDTDLTKPYIKWDLLKYDFTEERLKLFDRYFKYWDQTYHPNCVNCLDDRCILHCANFNVLFSTVFPPTSFGPLVRKIFVDGVPFVVSTGYHFRELGVVHNQDVNLHSSRLSFKELLVYAADPAMHAASGNLLLDKRTTCFSVAALTNNVAFQTVKPGNFNKDFYDFAVSKGFFKEGSSVELKHFFFAQDGNAAISDYDYYRYNLPTMCDIRQLLFVVEVVDKYFDCYDGGCINANQVIVNNLDKSAGFPFNKWGKARLYYDSMSYEDQDALFAYTKRNVIPTITQMNLKYAISAKNRARTVAGVSICSTMTNRQFHQKLLKSIAATRGATVVIGTSKFYGGWHNMLKTVYSDVENPHLMGWDYPKCDRAMPNMLRIMASLVLARKHTTCCSLSHRFYRLANECAQVLSEMVMCGGSLYVKPGGTSSGDATTAYANSVFNICQAVTANVNALLSTDGNKIADKYVRNLQHRLYECLYRNRDVDTDFVNEFYAYLRKHFSMMILSDDAVVCFNSTYASQGLVASIKNFKSVLYYQNNVFMSEAKCWTETDLTKGPHEFCSQHTMLVKQGDDYVYLPYPDPSRILGAGCFVDDIVKTDGTLMIERFVSLAIDAYPLTKHPNQEYADVFHLYLQYIRKLHDELTGHMLDMYSVMLTNDNTSRYWEPEFYEAMYTPHTVLQAVGACVLCNSQTSLRCGACIRRPFLCCKCCYDHVISTSHKLVLSVNPYVCNAPGCDVTDVTQLYLGGMSYYCKSHKPPISFPLCANGQVFGLYKNTCVGSDNVTDFNAIATCDWTNAGDYILANTCTERLKLFAAETLKATEETFKLSYGIATVREVLSDRELHLSWEVGKPRPPLNRNYVFTGYRVTKNSKVQIGEYTFEKGDYGDAVVYRGTTTYKLNVGDYFVLTSHTVMPLSAPTLVPQEHYVRITGLYPTLNISDEFSSNVANYQKVGMQKYSTLQGPPGTGKSHFAIGLALYYPSARIVYTACSHAAVDALCEKALKYLPIDKCSRIIPARARVECFDKFKVNSTLEQYVFCTVNALPETTADIVVFDEISMATNYDLSVVNARLRAKHYVYIGDPAQLPAPRTLLTKGTLEPEYFNSVCRLMKTIGPDMFLGTCRRCPAEIVDTVSALVYDNKLKAHKDKSAQCFKMFYKGVITHDVSSAINRPQIGVVREFLTRNPAWRKAVFISPYNSQNAVASKILGLPTQTVDSSQGSEYDYVIFTQTTETAHSCNVNRFNVAITRAKVGILCIMSDRDLYDKLQFTSLEIPRRNVATLQAENVTGLFKDCSKVITGLHPTQAPTHLSVDTKFKTEGLCVDIPGIPKDMTYRRLISMMGFKMNYQVNGYPNMFITREEAIRHVRAWIGFDVEGCHATREAVGTNLPLQLGFSTGVNLVAVPTGYVDTPNNTDFSRVSAKPPPGDQFKHLIPLMYKGLPWNVVRIKIVQMLSDTLKNLSDRVVFVLWAHGFELTSMKYFVKIGPERTCCLCDRRATCFSTASDTYACWHHSIGFDYVYNPFMIDVQQWGFTGNLQSNHDLYCQVHGNAHVASCDAIMTRCLAVHECFVKRVDWTIEYPIIGDELKINAACRKVQHMVVKAALLADKFPVLHDIGNPKAIKCVPQADVEWKFYDAQPCSDKAYKIEELFYSYATHSDKFTDGVCLFWNCNVDRYPANSIVCRFDTRVLSNLNLPGCDGGSLYVNKHAFHTPAFDKSAFVNLKQLPFFYYSDSPCESHGKQVVSDIDYVPLKSATCITRCNLGGAVCRHHANEYRLYLDAYNMMISAGFSLWVYKQFDTYNLWNTFTRLQSLENVAFNVVNKGHFDGQQGEVPVSIINNTVYTKVDGVDVELFENKTTLPVNVAFELWAKRNIKPVPEVKILNNLGVDIAANTVIWDYKRDAPAHISTIGVCSMTDIAKKPTETICAPLTVFFDGRVDGQVDLFRNARNGVLITEGSVKGLQPSVGPKQASLNGVTLIGEAVKTQFNYYKKVDGVVQQLPETYFTQSRNLQEFKPRSQMEIDFLELAMDEFIERYKLEGYAFEHIVYGDFSHSQLGGLHLLIGLAKRFKESPFELEDFIPMDSTVKNYFITDAQTGSSKCVCSVIDLLLDDFVEIIKSQDLSVVSKVVKVTIDYTEISFMLWCKDGHVETFYPKLQSSQAWQPGVAMPNLYKMQRMLLEKCDLQNYGDSATLPKGIMMNVAKYTQLCQYLNTLTLAVPYNMRVIHFGAGSDKGVAPGTAVLRQWLPTGTLLVDSDLNDFVSDADSTLIGDCATVHTANKWDLIISDMYDPKTKNVTKENDSKEGFFTYICGFIQQKLALGGSVAIKITEHSWNADLYKLMGHFAWWTAFVTNVNASSSEAFLIGCNYLGKPREQIDGYVMHANYIFWRNTNPIQLSSYSLFDMSKFPLKLRGTAVMSLKEGQINDMILSLLSKGRLIIRENNRVVISSDVLVNN,0.0,6LU7
151,151,RASK_HUMAN_Weng_2022_abundance,RASK_HUMAN_Weng_2022_abundance.csv,RASK_HUMAN,Human,Human,MTEYKLVVVGAGGVGKSALTIQLIQNHFVDEYDPTIEDSYRKQVVIDGETCLLDILDTAGQEEYSAMRDQYMRTGEGFLCVFAINNTKSFEDIHHYREQIKRVKDSEDVPMVLVGNKCDLPSRTVDTKQAQDLARSYGIPFIETSAKTRQGVDDAFYTLVREIRKHKEKMSKDGKKKKKKSKTKCVIM,188,True,26012,3066,22946,-0.504113408,median,Weng,The energetic and allosteric landscape for KRAS inhibition,2022,10.1101/2022.12.06.519122,2-188,KRAS,Yeast growth,,RASK_HUMAN_2023-08-07_b03.a2m,1,188,188,0.3,0.2,260539,0.888,167.0,27850.5,166.7694611,High,211.0,1.263473054,kras_fitness.xlsx,fitness,1,mutant,RASK_HUMAN_theta0.2_2023-08-07_b03.npy,RASK_HUMAN.pdb,1.0,,Expression,True,True,MTEYKLVVVGAGGVGKSALTIQLIQNHFVDEYDPTIEDSYRKQVVIDGETCLLDILDTAGQEEYSAMRDQYMRTGEGFLCVFAINNTKSFEDIHHYREQIKRVKDSEDVPMVLVGNKCDLPSRTVDTKQAQDLARSYGIPFIETSAKTRQRVEDAFYTLVREIRQYRLKKISKEEKTPGCVKIKKCIIM,17.0,7KYZ
152,152,RASK_HUMAN_Weng_2022_binding-DARPin_K55,RASK_HUMAN_Weng_2022_binding-DARPin_K55.csv,RASK_HUMAN,Human,Human,MTEYKLVVVGAGGVGKSALTIQLIQNHFVDEYDPTIEDSYRKQVVIDGETCLLDILDTAGQEEYSAMRDQYMRTGEGFLCVFAINNTKSFEDIHHYREQIKRVKDSEDVPMVLVGNKCDLPSRTVDTKQAQDLARSYGIPFIETSAKTRQGVDDAFYTLVREIRKHKEKMSKDGKKKKKKSKTKCVIM,188,True,24873,3084,21789,-0.4605455262,median,Weng,The energetic and allosteric landscape for KRAS inhibition,2022,10.1101/2022.12.06.519127,2-188,KRAS,Yeast growth,,RASK_HUMAN_2023-08-07_b03.a2m,1,188,188,0.3,0.2,260539,0.888,167.0,27850.5,166.7694611,High,211.0,1.263473054,kras_fitness.xlsx,fitness,1,mutant,RASK_HUMAN_theta0.2_2023-08-07_b03.npy,RASK_HUMAN.pdb,1.0,,Binding,True,True,MTEYKLVVVGAGGVGKSALTIQLIQNHFVDEYDPTIEDSYRKQVVIDGETCLLDILDTAGQEEYSAMRDQYMRTGEGFLCVFAINNTKSFEDIHHYREQIKRVKDSEDVPMVLVGNKCDLPSRTVDTKQAQDLARSYGIPFIETSAKTRQRVEDAFYTLVREIRQYRLKKISKEEKTPGCVKIKKCIIM,17.0,7KYZ
165,165,RPC1_BP434_Tsuboyama_2023_1R69,RPC1_BP434_Tsuboyama_2023_1R69.csv,RPC1_BP434,Virus,Enterobacteria phage 434,SISSRVKSKRIQLGLNQAELAQKVGTTQQSIEQLENGKTKRPRFLPELASALGVSVDWLLN,61,True,1459,1124,335,-1.349855239,median,Tsuboyama,Mega-scale experimental analysis of protein folding stability in biology and design,2023,10.1038/s41586-023-06328-47,1-61,Repressor protein CI,Stability,cDNA display proteolysis,RPC1_BP434_2023-08-07_b05.a2m,1,61,61,0.5,0.01,820224,0.951,58.0,192520.2,3319.313793,High,73.0,1.25862069,Tsuboyama2023_Dataset2_Dataset44,ddG_ML_float,1,mut_type,RPC1_BP434_theta0.01_2023-08-07_b05.npy,RPC1_BP434.pdb,1.0,,Stability,True,False,MSISSRVKSKRIQLGLNQAELAQKVGTTQQSIEQLENGKTKRPRFLPELASALGVSVDWLLNGTSDSNVRFVGHVEPKGKYPLISMVRAGSWCEA,0.0,1R69
176,176,SDA_BACSU_Tsuboyama_2023_1PV0,SDA_BACSU_Tsuboyama_2023_1PV0.csv,SDA_BACSU,Prokaryote,Bacillus subtilis,MRKLSDELLIESYFKATEMNLNRDFIELIENEIKRRSLGHIISV,44,True,2770,834,1936,-1.0,manual,Tsuboyama,Mega-scale experimental analysis of protein folding stability in biology and design,2023,10.1038/s41586-023-06328-52,1-44,Sporulation inhibitor sda,Stability,cDNA display proteolysis,SDA_BACSU_2023-08-07_b05.a2m,1,44,44,0.5,0.2,1953,0.886,39.0,876.8,22.48205128,Medium,4.0,0.1025641026,Tsuboyama2023_Dataset2_Dataset49,ddG_ML_float,1,mut_type,SDA_BACSU_theta0.2_2023-08-07_b05.npy,SDA_BACSU.pdb,1.0,,Stability,True,False,MNWVPSMRKLSDELLIESYFKATEMNLNRDFIELIENEIKRRSLGHIISVSS,0.0,1PV0
183,183,SPG2_STRSG_Tsuboyama_2023_5UBS,SPG2_STRSG_Tsuboyama_2023_5UBS.csv,SPG2_STRSG,Prokaryote,Streptococcus sp. group G,MTFKLIINGKTLKGETTTEAVDAATAEKVFKQYFNDNGIDGEWTYDDATKTFTITE,56,True,1451,1029,422,-1.000627629,median,Tsuboyama,Mega-scale experimental analysis of protein folding stability in biology and design,2023,10.1038/s41586-023-06328-55,1-56,Immunoglobulin G-binding protein G,Stability,cDNA display proteolysis,SPG2_STRSG_2023-08-07_b03.a2m,1,56,56,0.3,0.2,39899,0.75,42.0,2567.6,61.13333333,Medium,6.0,0.1428571429,Tsuboyama2023_Dataset2_Dataset52,ddG_ML_float,1,mut_type,SPG2_STRSG_theta0.2_2023-08-07_b03.npy,SPG2_STRSG.pdb,1.0,,Stability,True,False,MEKEKKVKYFLRKSAFGLASVSAAFLVGSTVFAVDSPIEDTPIIRNGGELTNLLGNSETTLALRNEESATADLTAAAVADTVAAAAAENAGAAAWEAAAAADALAKAKADALKEFNKYGVSDYYKNLINNAKTVEGVKDLQAQVVESAKKARISEATDGLSDFLKSQTPAEDTVKSIELAEAKVLANRELDKYGVSDYHKNLINNAKTVEGVKDLQAQVVESAKKARISEATDGLSDFLKSQTPAEDTVKSIELAEAKVLANRELDKYGVSDYYKNLINNAKTVEGVKALIDEILAALPKTDTYKLILNGKTLKGETTTEAVDAATAEKVFKQYANDNGVDGEWTYDDATKTFTVTEKPEVIDASELTPAVTTYKLVINGKTLKGETTTEAVDAATAEKVFKQYANDNGVDGEWTYDDATKTFTVTEKPEVIDASELTPAVTTYKLVINGKTLKGETTTKAVDAETAEKAFKQYANDNGVDGVWTYDDATKTFTVTEMVTEVPGDAPTEPEKPEASIPLVPLTPATPIAKDDAKKDDTKKEDAKKPEAKKEDAKKAETLPTTGEGSNPFFTAAALAVMAGAGALAVASKRKED,0.0,5UBS
188,188,SR43C_ARATH_Tsuboyama_2023_2N88,SR43C_ARATH_Tsuboyama_2023_2N88.csv,SR43C_ARATH,Eukaryote,Arabidopsis thaliana,AVAESVIGKRVGDDGKTIEYLVKWTDMSDATWEPQDNVDSTLVLLYQQ,48,True,1583,889,694,-1.591761235,median,Tsuboyama,Mega-scale experimental analysis of protein folding stability in biology and design,2023,10.1038/s41586-023-06328-58,1-48,"Signal recognition particle 43 kDa protein, chloroplastic",Stability,cDNA display proteolysis,SR43C_ARATH_2023-08-07_b02.a2m,1,48,48,0.2,0.2,101118,0.917,44.0,12180.6,276.8318182,High,26.0,0.5909090909,Tsuboyama2023_Dataset2_Dataset55,ddG_ML_float,1,mut_type,SR43C_ARATH_theta0.2_2023-08-07_b02.npy,SR43C_ARATH.pdb,1.0,,Stability,True,False,MQKVFLAMDTCALVIHQSLSRIKLSPPKSSSSSSSAFSPESLPIRRIELCFRGAICAAVQRNYEETTSSVEEAEEDDESSSSYGEVNKIIGSRTAGEGAMEYLIEWKDGHSPSWVPSSYIAADVVSEYETPWWTAARKADEQALSQLLEDRDVDAVDENGRTALLFVAGLGSDKCVRLLAEAGADLDHRDMRGGLTALHMAAGYVRPEVVEALVELGADIEVEDERGLTALELAREILKTTPKGNPMQFGRRIGLEKVINVLEGQVFEYAEVDEIVEKRGKGKDVEYLVRWKDGGDCEWVKGVHVAEDVAKDYEDGLEYAVAESVIGKRVGDDGKTIEYLVKWTDMSDATWEPQDNVDSTLVLLYQQQQPMNE,0.0,2N88
193,193,SUMO1_HUMAN_Weile_2017,SUMO1_HUMAN_Weile_2017.csv,SUMO1_HUMAN,Human,Homo sapiens,MSDQEAKPSTEDLGDKKEGEYIKLKVIGQDSSEIHFKVKMTTHLKKLKESYCQRQGVPMNSLRFLFEGQRIADNHTPKELGMEEEDVIEVYQEQTGGHSTV,101,False,1700,1700,0,0.3,manual,Weile,A framework for exhaustively mapping functional missense variants,2017,10.15252/msb.20177908,2-97,Small ubiquitin-related modifier 1,Yeast growth,complementation,SUMO1_HUMAN_full_11-26-2021_b02.a2m,1,101,101,0.2,0.2,85570,0.703,71.0,13120.2,184.7915493,high,67.0,0.9436619718,SUMO1_HUMAN_Weile_2017.csv,screenscore,1,mutant,SUMO1_HUMAN_theta_0.2.npy,SUMO1_HUMAN.pdb,0.1,,OrganismalFitness,True,True,MSDQEAKPSTEDLGDKKEGEYIKLKVIGQDSSEIHFKVKMTTHLKKLKESYCQRQGVPMNSLRFLFEGQRIADNHTPKELGMEEEDVIEVYQEQTGGHSTV,0.0,1A5R
197,197,TCRG1_MOUSE_Tsuboyama_2023_1E0L,TCRG1_MOUSE_Tsuboyama_2023_1E0L.csv,TCRG1_MOUSE,Eukaryote,Mus musculus,GATAVSEWTEYKTADGKTYYYNNRTLESTWEKPQELK,37,True,1058,621,437,-1.2,manual,Tsuboyama,Mega-scale experimental analysis of protein folding stability in biology and design,2023,10.1038/s41586-023-06328-60,1-37,Transcription elongation regulator 1,Stability,cDNA display proteolysis,TCRG1_MOUSE_2023-08-07_b08.a2m,1,37,37,0.8,0.2,43363,0.865,32.0,2819.7,88.115625,Medium,14.0,0.4375,Tsuboyama2023_Dataset2_Dataset57,ddG_ML_float,1,mut_type,TCRG1_MOUSE_theta0.2_2023-08-07_b08.npy,TCRG1_MOUSE.pdb,1.0,,Stability,True,False,MAERGGDGGEGERFNPGELRMAQQQALRFRGPAPPPNAVMRGPPPLMRPPPPFGMMRGPPPPPRPPFGRPPFDPNMPPMPPPGGIPPPMGPPHLQRPPFMPPPMGAMPPPPGMMFPPGMPPGTAPGAPALPPTEEIWVENKTPDGKVYYYNARTRESAWTKPDGVKVIQQSELTPMLAAQAQVQAQAQAQAQAQAQAQAQAQAQAQAQAQAQAQAQAQAQAQAQAQAQAQAQAQAQAQAQAQAQAQAQAQAQVQAQAVGAPTPTTSSPAPAVSTSTPTSTPSSTTATTTTATSVAQTVSTPTTQDQTPSSAVSVATPTVSVSAPAPTATPVQTVPQPHPQTLPPAVPHSVPQPAAAIPAFPPVMVPPFRVPLPGMPIPLPGVAMMQIVSCPYVKTVATTKTGVLPGMAPPIVPMIHPQVAIAASPATLAGATAVSEWTEYKTADGKTYYYNNRTLESTWEKPQELKEKEKLDEKIKEPIKEASEEPLPMETEEEDPKEEPVKEIKEEPKEEEMTEEEKAAQKAKPVATTPIPGTPWCVVWTGDERVFFYNPTTRLSMWDRPDDLIGRADVDKIIQEPPHKKGLEDMKKLRHPAPTMLSIQKWQFSMSAIKEEQELMEEMNEDEPIKAKKRKRDDNKDIDSEKEAAMEAEIKAARERAIVPLEARMKQFKDMLLERGVSAFSTWEKELHKIVFDPRYLLLNPKERKQVFDQYVKTRAEEERREKKNKIMQAKEDFKKMMEEAKFNPRATFSEFAAKHAKDSRFKAIEKMKDREALFNEFVAAARKKEKEDSKTRGEKIKSDFFELLSNHHLDSQSRWSKVKDKVESDPRYKAVDSSSMREDLFKQYIEKIAKNLDSEKEKELERQARIEASLREREREVQKARSEQTKEIDREREQHKREEAIQNFKALLSDMVRSSDVSWSDTRRTLRKDHRWESGSLLEREEKEKLFNEHIEALTKKKREHFRQLLDETSAITLTSTWKEVKKIIKEDPRCIKFSSSDRKKQREFEEYIRDKYITAKADFRTLLKETKFITYRSKKLIQESDQHLKDVEKILQNDKRYLVLDCVPEERRKLIVAYVDDLDRRGPPPPPTASEPTRRSTK,0.0,1E0L
216,216,YNZC_BACSU_Tsuboyama_2023_2JVD,YNZC_BACSU_Tsuboyama_2023_2JVD.csv,YNZC_BACSU,Prokaryote,Bacillus subtilis,MISNAKIARINELAAKAKAGVITEEEKAEQQKLRQEYLK,39,True,2300,714,1586,-1.0,manual,Tsuboyama,Mega-scale experimental analysis of protein folding stability in biology and design,2023,10.1038/s41586-023-06328-69,1-39,UPF0291 protein YnzC,Stability,cDNA display proteolysis,YNZC_BACSU_2023-08-07_b07.a2m,1,39,39,0.7,0.2,7116,0.974,38.0,1588.3,41.79736842,Medium,13.0,0.3421052632,Tsuboyama2023_Dataset2_Dataset66,ddG_ML_float,1,mut_type,YNZC_BACSU_theta0.2_2023-08-07_b07.npy,YNZC_BACSU.pdb,1.0,,Stability,True,True,MISNAKIARINELAAKAKAGVITEEEKAEQQKLRQEYLKGFRSSMKNTLKSVKIIDPEGNDVTPEKLKREQRNNKLH,0.0,2JVD
