,mutant,sequence,DMS_score,DMS_score_bin,fold_random_5,fold_modulo_5,fold_contiguous_5,test_fold
0,A14D,MISNAKIARINELDAKAKAGVITEEEKAEQQKLRQEYLK,-0.0444123855520972,1,0,4,0,4
1,A14E,MISNAKIARINELEAKAKAGVITEEEKAEQQKLRQEYLK,0.0698257174212999,1,2,4,0,4
2,A14F,MISNAKIARINELFAKAKAGVITEEEKAEQQKLRQEYLK,-0.0332472153874889,1,1,4,0,4
3,A14G,MISNAKIARINELGAKAKAGVITEEEKAEQQKLRQEYLK,-0.7569033102002223,1,3,4,0,4
4,A14H,MISNAKIARINELHAKAKAGVITEEEKAEQQKLRQEYLK,-0.4411172147447866,1,4,4,0,4
5,A14I,MISNAKIARINELIAKAKAGVITEEEKAEQQKLRQEYLK,-0.2007811665816359,1,2,4,0,4
6,A14K,MISNAKIARINELKAKAKAGVITEEEKAEQQKLRQEYLK,-0.2535584497313867,1,4,4,0,4
7,A14L,MISNAKIARINELLAKAKAGVITEEEKAEQQKLRQEYLK,-0.2899918421779588,1,3,4,0,4
8,A14M,MISNAKIARINELMAKAKAGVITEEEKAEQQKLRQEYLK,-0.0829958601417186,1,0,4,0,4
9,A14N,MISNAKIARINELNAKAKAGVITEEEKAEQQKLRQEYLK,-0.1039393102980028,1,3,4,0,4
10,A14Q,MISNAKIARINELQAKAKAGVITEEEKAEQQKLRQEYLK,-0.2727390824559503,1,0,4,0,4
11,A14R,MISNAKIARINELRAKAKAGVITEEEKAEQQKLRQEYLK,0.0522661770473549,1,4,4,0,4
12,A14S,MISNAKIARINELSAKAKAGVITEEEKAEQQKLRQEYLK,-0.3465256909543517,1,2,4,0,4
13,A14T,MISNAKIARINELTAKAKAGVITEEEKAEQQKLRQEYLK,-0.449267802528664,1,3,4,0,4
14,A14V,MISNAKIARINELVAKAKAGVITEEEKAEQQKLRQEYLK,-0.4069225058878147,1,1,4,0,4
15,A14W,MISNAKIARINELWAKAKAGVITEEEKAEQQKLRQEYLK,-0.0274583781027599,1,3,4,0,4
16,A14Y,MISNAKIARINELYAKAKAGVITEEEKAEQQKLRQEYLK,-0.3612473336493917,1,3,4,0,4
17,A15D,MISNAKIARINELADKAKAGVITEEEKAEQQKLRQEYLK,-0.5022660232968128,1,1,0,0,0
18,A15E,MISNAKIARINELAEKAKAGVITEEEKAEQQKLRQEYLK,-0.3510348959294689,1,3,0,0,0
19,A15F,MISNAKIARINELAFKAKAGVITEEEKAEQQKLRQEYLK,-0.2642878659656176,1,4,0,0,0
20,A15G,MISNAKIARINELAGKAKAGVITEEEKAEQQKLRQEYLK,-0.7263316645044262,1,4,0,0,0
21,A15H,MISNAKIARINELAHKAKAGVITEEEKAEQQKLRQEYLK,-0.4198724795471082,1,3,0,0,0
22,A15I,MISNAKIARINELAIKAKAGVITEEEKAEQQKLRQEYLK,-0.2993200508469456,1,0,0,0,0
23,A15K,MISNAKIARINELAKKAKAGVITEEEKAEQQKLRQEYLK,-0.1650440632004217,1,2,0,0,0
24,A15L,MISNAKIARINELALKAKAGVITEEEKAEQQKLRQEYLK,0.1198094342905919,1,2,0,0,0
25,A15M,MISNAKIARINELAMKAKAGVITEEEKAEQQKLRQEYLK,0.0918741660926842,1,2,0,0,0
26,A15N,MISNAKIARINELANKAKAGVITEEEKAEQQKLRQEYLK,-0.3868527348665593,1,2,0,0,0
27,A15Q,MISNAKIARINELAQKAKAGVITEEEKAEQQKLRQEYLK,-0.0801826120511948,1,0,0,0,0
28,A15R,MISNAKIARINELARKAKAGVITEEEKAEQQKLRQEYLK,0.0950428840205876,1,0,0,0,0
29,A15S,MISNAKIARINELASKAKAGVITEEEKAEQQKLRQEYLK,-0.4129814445143558,1,0,0,0,0
30,A15T,MISNAKIARINELATKAKAGVITEEEKAEQQKLRQEYLK,-0.4600854836149419,1,3,0,0,0
31,A15V,MISNAKIARINELAVKAKAGVITEEEKAEQQKLRQEYLK,-0.3592931185113832,1,3,0,0,0
32,A15W,MISNAKIARINELAWKAKAGVITEEEKAEQQKLRQEYLK,-0.1930161323190613,1,3,0,0,0
33,A15Y,MISNAKIARINELAYKAKAGVITEEEKAEQQKLRQEYLK,-0.4976056788457887,1,2,0,0,0
34,A17C,MISNAKIARINELAAKCKAGVITEEEKAEQQKLRQEYLK,0.3122662490627599,1,2,2,0,2
35,A17D,MISNAKIARINELAAKDKAGVITEEEKAEQQKLRQEYLK,-0.4092657061171267,1,3,2,0,2
36,A17E,MISNAKIARINELAAKEKAGVITEEEKAEQQKLRQEYLK,0.0676257653021243,1,2,2,0,2
37,A17F,MISNAKIARINELAAKFKAGVITEEEKAEQQKLRQEYLK,-0.4744441031640258,1,0,2,0,2
38,A17G,MISNAKIARINELAAKGKAGVITEEEKAEQQKLRQEYLK,-0.9686929321994068,1,4,2,0,2
39,A17H,MISNAKIARINELAAKHKAGVITEEEKAEQQKLRQEYLK,-0.4666986746749666,1,0,2,0,2
40,A17I,MISNAKIARINELAAKIKAGVITEEEKAEQQKLRQEYLK,-0.919469169409592,1,1,2,0,2
41,A17K,MISNAKIARINELAAKKKAGVITEEEKAEQQKLRQEYLK,-0.7648040039987785,1,0,2,0,2
42,A17L,MISNAKIARINELAAKLKAGVITEEEKAEQQKLRQEYLK,-0.413521096943255,1,3,2,0,2
43,A17M,MISNAKIARINELAAKMKAGVITEEEKAEQQKLRQEYLK,-0.2030597070696629,1,0,2,0,2
44,A17N,MISNAKIARINELAAKNKAGVITEEEKAEQQKLRQEYLK,-0.9617607514350416,1,1,2,0,2
45,A17P,MISNAKIARINELAAKPKAGVITEEEKAEQQKLRQEYLK,-2.48609847335764,0,1,2,0,2
46,A17Q,MISNAKIARINELAAKQKAGVITEEEKAEQQKLRQEYLK,-0.1015476451371464,1,0,2,0,2
47,A17R,MISNAKIARINELAAKRKAGVITEEEKAEQQKLRQEYLK,-0.3371355402786484,1,3,2,0,2
48,A17S,MISNAKIARINELAAKSKAGVITEEEKAEQQKLRQEYLK,-0.2390747534523969,1,4,2,0,2
49,A17T,MISNAKIARINELAAKTKAGVITEEEKAEQQKLRQEYLK,-0.5931314393966161,1,0,2,0,2
50,A17V,MISNAKIARINELAAKVKAGVITEEEKAEQQKLRQEYLK,-0.8638118960364118,1,2,2,0,2
51,A17W,MISNAKIARINELAAKWKAGVITEEEKAEQQKLRQEYLK,-0.3625907391708365,1,2,2,0,2
52,A17Y,MISNAKIARINELAAKYKAGVITEEEKAEQQKLRQEYLK,-0.3758087797105351,1,4,2,0,2
53,A19C,MISNAKIARINELAAKAKCGVITEEEKAEQQKLRQEYLK,-0.19867348524695,1,3,4,0,4
54,A19D,MISNAKIARINELAAKAKDGVITEEEKAEQQKLRQEYLK,-0.6156059750926113,1,2,4,0,4
55,A19E,MISNAKIARINELAAKAKEGVITEEEKAEQQKLRQEYLK,-0.2977315231083419,1,0,4,0,4
56,A19F,MISNAKIARINELAAKAKFGVITEEEKAEQQKLRQEYLK,-0.412482761482587,1,1,4,0,4
57,A19G,MISNAKIARINELAAKAKGGVITEEEKAEQQKLRQEYLK,-0.7846234466294733,1,4,4,0,4
58,A19H,MISNAKIARINELAAKAKHGVITEEEKAEQQKLRQEYLK,-0.6845273684201874,1,0,4,0,4
59,A19I,MISNAKIARINELAAKAKIGVITEEEKAEQQKLRQEYLK,-0.3914934962853673,1,3,4,0,4
60,A19K,MISNAKIARINELAAKAKKGVITEEEKAEQQKLRQEYLK,-0.2105536254973588,1,2,4,0,4
61,A19L,MISNAKIARINELAAKAKLGVITEEEKAEQQKLRQEYLK,-0.027860419160802,1,4,4,0,4
62,A19M,MISNAKIARINELAAKAKMGVITEEEKAEQQKLRQEYLK,-0.3192265099543618,1,2,4,0,4
63,A19N,MISNAKIARINELAAKAKNGVITEEEKAEQQKLRQEYLK,-0.0755893782622187,1,1,4,0,4
64,A19P,MISNAKIARINELAAKAKPGVITEEEKAEQQKLRQEYLK,-2.8629338528761696,0,1,4,0,4
65,A19Q,MISNAKIARINELAAKAKQGVITEEEKAEQQKLRQEYLK,-0.2953679480385309,1,4,4,0,4
66,A19R,MISNAKIARINELAAKAKRGVITEEEKAEQQKLRQEYLK,-0.3003983547894289,1,3,4,0,4
67,A19S,MISNAKIARINELAAKAKSGVITEEEKAEQQKLRQEYLK,-0.3197442159491548,1,4,4,0,4
68,A19T,MISNAKIARINELAAKAKTGVITEEEKAEQQKLRQEYLK,-0.4173044849300327,1,4,4,0,4
69,A19V,MISNAKIARINELAAKAKVGVITEEEKAEQQKLRQEYLK,-0.4266122854294445,1,3,4,0,4
70,A19W,MISNAKIARINELAAKAKWGVITEEEKAEQQKLRQEYLK,-0.3366523904881948,1,1,4,0,4
71,A19Y,MISNAKIARINELAAKAKYGVITEEEKAEQQKLRQEYLK,-0.3760456930724452,1,2,4,0,4
72,A28C,MISNAKIARINELAAKAKAGVITEEEKCEQQKLRQEYLK,-0.1689098717814761,1,1,3,0,3
73,A28D,MISNAKIARINELAAKAKAGVITEEEKDEQQKLRQEYLK,-0.155288976668146,1,2,3,0,3
74,A28E,MISNAKIARINELAAKAKAGVITEEEKEEQQKLRQEYLK,0.1710114356214873,1,2,3,0,3
75,A28F,MISNAKIARINELAAKAKAGVITEEEKFEQQKLRQEYLK,-0.1531513718273673,1,4,3,0,3
76,A28G,MISNAKIARINELAAKAKAGVITEEEKGEQQKLRQEYLK,-0.7687048562302266,1,4,3,0,3
77,A28H,MISNAKIARINELAAKAKAGVITEEEKHEQQKLRQEYLK,-0.2291883827239798,1,4,3,0,3
78,A28I,MISNAKIARINELAAKAKAGVITEEEKIEQQKLRQEYLK,0.0905083678811116,1,2,3,0,3
79,A28K,MISNAKIARINELAAKAKAGVITEEEKKEQQKLRQEYLK,0.0064128779020871,1,0,3,0,3
80,A28L,MISNAKIARINELAAKAKAGVITEEEKLEQQKLRQEYLK,-0.0062977000735338,1,2,3,0,3
81,A28M,MISNAKIARINELAAKAKAGVITEEEKMEQQKLRQEYLK,0.0102034951195264,1,4,3,0,3
82,A28N,MISNAKIARINELAAKAKAGVITEEEKNEQQKLRQEYLK,-0.3077233688373884,1,0,3,0,3
83,A28Q,MISNAKIARINELAAKAKAGVITEEEKQEQQKLRQEYLK,-0.0695287488036391,1,0,3,0,3
84,A28R,MISNAKIARINELAAKAKAGVITEEEKREQQKLRQEYLK,0.0184640276539931,1,1,3,0,3
85,A28S,MISNAKIARINELAAKAKAGVITEEEKSEQQKLRQEYLK,-0.2979090508070428,1,4,3,0,3
86,A28T,MISNAKIARINELAAKAKAGVITEEEKTEQQKLRQEYLK,-0.2047243802227387,1,4,3,0,3
87,A28V,MISNAKIARINELAAKAKAGVITEEEKVEQQKLRQEYLK,-0.1455624396018633,1,0,3,0,3
88,A28W,MISNAKIARINELAAKAKAGVITEEEKWEQQKLRQEYLK,-0.0877040512312397,1,4,3,0,3
89,A28Y,MISNAKIARINELAAKAKAGVITEEEKYEQQKLRQEYLK,-0.1676458509626308,1,2,3,0,3
90,A5C,MISNCKIARINELAAKAKAGVITEEEKAEQQKLRQEYLK,0.0491758809079758,1,3,0,0,0
91,A5D,MISNDKIARINELAAKAKAGVITEEEKAEQQKLRQEYLK,-0.0898963454057568,1,3,0,0,0
92,A5E,MISNEKIARINELAAKAKAGVITEEEKAEQQKLRQEYLK,-0.0954237834566082,1,4,0,0,0
93,A5F,MISNFKIARINELAAKAKAGVITEEEKAEQQKLRQEYLK,-1.1241498854310492,0,0,0,0,0
94,A5G,MISNGKIARINELAAKAKAGVITEEEKAEQQKLRQEYLK,-0.3489657730162023,1,0,0,0,0
95,A5H,MISNHKIARINELAAKAKAGVITEEEKAEQQKLRQEYLK,-0.1442642587097844,1,3,0,0,0
96,A5I,MISNIKIARINELAAKAKAGVITEEEKAEQQKLRQEYLK,-0.1867603590416149,1,3,0,0,0
97,A5K,MISNKKIARINELAAKAKAGVITEEEKAEQQKLRQEYLK,-0.2473652701872284,1,4,0,0,0
98,A5L,MISNLKIARINELAAKAKAGVITEEEKAEQQKLRQEYLK,-0.1488812551993641,1,1,0,0,0
99,A5M,MISNMKIARINELAAKAKAGVITEEEKAEQQKLRQEYLK,-0.2748203727586455,1,0,0,0,0
100,A5N,MISNNKIARINELAAKAKAGVITEEEKAEQQKLRQEYLK,-0.1993075173606608,1,4,0,0,0
101,A5P,MISNPKIARINELAAKAKAGVITEEEKAEQQKLRQEYLK,-0.3015290954548759,1,2,0,0,0
102,A5Q,MISNQKIARINELAAKAKAGVITEEEKAEQQKLRQEYLK,-0.1122210006328527,1,0,0,0,0
103,A5R,MISNRKIARINELAAKAKAGVITEEEKAEQQKLRQEYLK,-0.2014554154097916,1,4,0,0,0
104,A5S,MISNSKIARINELAAKAKAGVITEEEKAEQQKLRQEYLK,-0.1418065511556157,1,0,0,0,0
105,A5T,MISNTKIARINELAAKAKAGVITEEEKAEQQKLRQEYLK,-0.1111054724416638,1,1,0,0,0
106,A5V,MISNVKIARINELAAKAKAGVITEEEKAEQQKLRQEYLK,-0.166878942372594,1,1,0,0,0
107,A5W,MISNWKIARINELAAKAKAGVITEEEKAEQQKLRQEYLK,-0.4891682042911736,1,0,0,0,0
108,A5Y,MISNYKIARINELAAKAKAGVITEEEKAEQQKLRQEYLK,-0.6053316602695569,1,0,0,0,0
109,A8C,MISNAKICRINELAAKAKAGVITEEEKAEQQKLRQEYLK,0.1689439045309519,1,2,3,0,3
110,A8D,MISNAKIDRINELAAKAKAGVITEEEKAEQQKLRQEYLK,-0.2214901052138085,1,2,3,0,3
111,A8E,MISNAKIERINELAAKAKAGVITEEEKAEQQKLRQEYLK,-0.3403391316720081,1,4,3,0,3
112,A8F,MISNAKIFRINELAAKAKAGVITEEEKAEQQKLRQEYLK,-0.6752010836782509,1,2,3,0,3
113,A8G,MISNAKIGRINELAAKAKAGVITEEEKAEQQKLRQEYLK,-0.5610909965507065,1,4,3,0,3
114,A8H,MISNAKIHRINELAAKAKAGVITEEEKAEQQKLRQEYLK,-0.1281614252485967,1,4,3,0,3
115,A8I,MISNAKIIRINELAAKAKAGVITEEEKAEQQKLRQEYLK,-0.0942274389806465,1,2,3,0,3
116,A8K,MISNAKIKRINELAAKAKAGVITEEEKAEQQKLRQEYLK,0.175377847769504,1,0,3,0,3
117,A8L,MISNAKILRINELAAKAKAGVITEEEKAEQQKLRQEYLK,0.0272175935990381,1,3,3,0,3
118,A8M,MISNAKIMRINELAAKAKAGVITEEEKAEQQKLRQEYLK,0.1908204321176319,1,4,3,0,3
119,A8N,MISNAKINRINELAAKAKAGVITEEEKAEQQKLRQEYLK,-0.2224240162647941,1,2,3,0,3
120,A8P,MISNAKIPRINELAAKAKAGVITEEEKAEQQKLRQEYLK,-1.4763647217933715,0,2,3,0,3
121,A8Q,MISNAKIQRINELAAKAKAGVITEEEKAEQQKLRQEYLK,0.0588912706666131,1,0,3,0,3
122,A8R,MISNAKIRRINELAAKAKAGVITEEEKAEQQKLRQEYLK,0.1390768633721948,1,0,3,0,3
123,A8S,MISNAKISRINELAAKAKAGVITEEEKAEQQKLRQEYLK,-0.4236087839547506,1,1,3,0,3
124,A8T,MISNAKITRINELAAKAKAGVITEEEKAEQQKLRQEYLK,-0.314818087958574,1,1,3,0,3
125,A8V,MISNAKIVRINELAAKAKAGVITEEEKAEQQKLRQEYLK,-0.2804242127126404,1,2,3,0,3
126,A8W,MISNAKIWRINELAAKAKAGVITEEEKAEQQKLRQEYLK,-0.809592020023655,1,2,3,0,3
127,A8Y,MISNAKIYRINELAAKAKAGVITEEEKAEQQKLRQEYLK,-0.7004428971617507,1,3,3,0,3
128,E12A,MISNAKIARINALAAKAKAGVITEEEKAEQQKLRQEYLK,-0.2727456151761039,1,3,2,0,2
129,E12C,MISNAKIARINCLAAKAKAGVITEEEKAEQQKLRQEYLK,-0.4717513126550883,1,0,2,0,2
130,E12D,MISNAKIARINDLAAKAKAGVITEEEKAEQQKLRQEYLK,-0.7075141403486941,1,2,2,0,2
131,E12F,MISNAKIARINFLAAKAKAGVITEEEKAEQQKLRQEYLK,-0.4852183951362087,1,2,2,0,2
132,E12G,MISNAKIARINGLAAKAKAGVITEEEKAEQQKLRQEYLK,-1.3899820885691536,0,2,2,0,2
133,E12H,MISNAKIARINHLAAKAKAGVITEEEKAEQQKLRQEYLK,-0.437635867070214,1,3,2,0,2
134,E12I,MISNAKIARINILAAKAKAGVITEEEKAEQQKLRQEYLK,-0.3358739148168145,1,4,2,0,2
135,E12K,MISNAKIARINKLAAKAKAGVITEEEKAEQQKLRQEYLK,-0.8610410838487743,1,4,2,0,2
136,E12L,MISNAKIARINLLAAKAKAGVITEEEKAEQQKLRQEYLK,-0.1875453150742671,1,1,2,0,2
137,E12M,MISNAKIARINMLAAKAKAGVITEEEKAEQQKLRQEYLK,-0.4113038944472029,1,4,2,0,2
138,E12N,MISNAKIARINNLAAKAKAGVITEEEKAEQQKLRQEYLK,-1.0485425379907425,0,1,2,0,2
139,E12P,MISNAKIARINPLAAKAKAGVITEEEKAEQQKLRQEYLK,-2.1719713951170387,0,4,2,0,2
140,E12Q,MISNAKIARINQLAAKAKAGVITEEEKAEQQKLRQEYLK,-0.2536667649731988,1,1,2,0,2
141,E12R,MISNAKIARINRLAAKAKAGVITEEEKAEQQKLRQEYLK,-0.8853929620489946,1,0,2,0,2
142,E12S,MISNAKIARINSLAAKAKAGVITEEEKAEQQKLRQEYLK,-0.7210243689584631,1,0,2,0,2
143,E12T,MISNAKIARINTLAAKAKAGVITEEEKAEQQKLRQEYLK,-0.6849994466845019,1,3,2,0,2
144,E12V,MISNAKIARINVLAAKAKAGVITEEEKAEQQKLRQEYLK,-0.5009536257499468,1,3,2,0,2
145,E12W,MISNAKIARINWLAAKAKAGVITEEEKAEQQKLRQEYLK,-0.816025502382753,1,2,2,0,2
146,E12Y,MISNAKIARINYLAAKAKAGVITEEEKAEQQKLRQEYLK,-0.3487815603537408,1,0,2,0,2
147,E24A,MISNAKIARINELAAKAKAGVITAEEKAEQQKLRQEYLK,-0.1684694679359573,1,3,4,1,4
148,E24C,MISNAKIARINELAAKAKAGVITCEEKAEQQKLRQEYLK,-0.1828420256489937,1,1,4,1,4
149,E24D,MISNAKIARINELAAKAKAGVITDEEKAEQQKLRQEYLK,-0.0945275961498648,1,0,4,1,4
150,E24F,MISNAKIARINELAAKAKAGVITFEEKAEQQKLRQEYLK,-0.663328029932482,1,0,4,1,4
151,E24G,MISNAKIARINELAAKAKAGVITGEEKAEQQKLRQEYLK,-0.8845192184391193,1,1,4,1,4
152,E24H,MISNAKIARINELAAKAKAGVITHEEKAEQQKLRQEYLK,-0.5765392530035398,1,1,4,1,4
153,E24I,MISNAKIARINELAAKAKAGVITIEEKAEQQKLRQEYLK,-0.1563717273248812,1,0,4,1,4
154,E24K,MISNAKIARINELAAKAKAGVITKEEKAEQQKLRQEYLK,-0.4983125514970947,1,2,4,1,4
155,E24L,MISNAKIARINELAAKAKAGVITLEEKAEQQKLRQEYLK,-0.3071184103645452,1,0,4,1,4
156,E24M,MISNAKIARINELAAKAKAGVITMEEKAEQQKLRQEYLK,-0.5077692853244162,1,0,4,1,4
157,E24N,MISNAKIARINELAAKAKAGVITNEEKAEQQKLRQEYLK,-0.2040304177047391,1,2,4,1,4
158,E24P,MISNAKIARINELAAKAKAGVITPEEKAEQQKLRQEYLK,-0.1775483734493357,1,0,4,1,4
159,E24Q,MISNAKIARINELAAKAKAGVITQEEKAEQQKLRQEYLK,-0.3319918205903429,1,1,4,1,4
160,E24R,MISNAKIARINELAAKAKAGVITREEKAEQQKLRQEYLK,-0.5291485545806032,1,4,4,1,4
161,E24S,MISNAKIARINELAAKAKAGVITSEEKAEQQKLRQEYLK,-0.5478993757956743,1,1,4,1,4
162,E24T,MISNAKIARINELAAKAKAGVITTEEKAEQQKLRQEYLK,-0.5342936189890071,1,2,4,1,4
163,E24V,MISNAKIARINELAAKAKAGVITVEEKAEQQKLRQEYLK,-0.263448574911862,1,2,4,1,4
164,E24W,MISNAKIARINELAAKAKAGVITWEEKAEQQKLRQEYLK,-0.5211562669545386,1,2,4,1,4
165,E24Y,MISNAKIARINELAAKAKAGVITYEEKAEQQKLRQEYLK,-0.7229311157015943,1,0,4,1,4
166,E25A,MISNAKIARINELAAKAKAGVITEAEKAEQQKLRQEYLK,-0.1800683418596741,1,2,0,1,0
167,E25C,MISNAKIARINELAAKAKAGVITECEKAEQQKLRQEYLK,-0.6500748175806428,1,1,0,1,0
168,E25D,MISNAKIARINELAAKAKAGVITEDEKAEQQKLRQEYLK,-0.2059047926826652,1,1,0,1,0
169,E25F,MISNAKIARINELAAKAKAGVITEFEKAEQQKLRQEYLK,-0.7254185683610844,1,2,0,1,0
170,E25G,MISNAKIARINELAAKAKAGVITEGEKAEQQKLRQEYLK,-0.6936291487954407,1,4,0,1,0
171,E25H,MISNAKIARINELAAKAKAGVITEHEKAEQQKLRQEYLK,-0.7090281811160879,1,2,0,1,0
172,E25I,MISNAKIARINELAAKAKAGVITEIEKAEQQKLRQEYLK,-0.4563833321869488,1,1,0,1,0
173,E25K,MISNAKIARINELAAKAKAGVITEKEKAEQQKLRQEYLK,-0.4501839709823986,1,0,0,1,0
174,E25L,MISNAKIARINELAAKAKAGVITELEKAEQQKLRQEYLK,-0.1416187189790747,1,3,0,1,0
175,E25M,MISNAKIARINELAAKAKAGVITEMEKAEQQKLRQEYLK,-0.3667807739429373,1,3,0,1,0
176,E25N,MISNAKIARINELAAKAKAGVITENEKAEQQKLRQEYLK,-0.5283583921347823,1,4,0,1,0
177,E25P,MISNAKIARINELAAKAKAGVITEPEKAEQQKLRQEYLK,-0.7313509437483742,1,1,0,1,0
178,E25Q,MISNAKIARINELAAKAKAGVITEQEKAEQQKLRQEYLK,-0.2444591559072901,1,2,0,1,0
179,E25R,MISNAKIARINELAAKAKAGVITEREKAEQQKLRQEYLK,-0.5414573230452449,1,1,0,1,0
180,E25S,MISNAKIARINELAAKAKAGVITESEKAEQQKLRQEYLK,-0.3088852335720672,1,0,0,1,0
181,E25T,MISNAKIARINELAAKAKAGVITETEKAEQQKLRQEYLK,-0.4236281653573239,1,3,0,1,0
182,E25V,MISNAKIARINELAAKAKAGVITEVEKAEQQKLRQEYLK,-0.4958076501775429,1,0,0,1,0
183,E25W,MISNAKIARINELAAKAKAGVITEWEKAEQQKLRQEYLK,-0.4342537928680966,1,1,0,1,0
184,E25Y,MISNAKIARINELAAKAKAGVITEYEKAEQQKLRQEYLK,-0.7160052596886298,1,3,0,1,0
185,E26A,MISNAKIARINELAAKAKAGVITEEAKAEQQKLRQEYLK,-2.6000549700657265,0,2,1,1,1
186,E26C,MISNAKIARINELAAKAKAGVITEECKAEQQKLRQEYLK,-1.7349559761966158,0,1,1,1,1
187,E26D,MISNAKIARINELAAKAKAGVITEEDKAEQQKLRQEYLK,-1.519347556773703,0,2,1,1,1
188,E26F,MISNAKIARINELAAKAKAGVITEEFKAEQQKLRQEYLK,-2.126227785514192,0,3,1,1,1
189,E26G,MISNAKIARINELAAKAKAGVITEEGKAEQQKLRQEYLK,-2.5283077646860104,0,1,1,1,1
190,E26H,MISNAKIARINELAAKAKAGVITEEHKAEQQKLRQEYLK,-2.433810612429796,0,3,1,1,1
191,E26I,MISNAKIARINELAAKAKAGVITEEIKAEQQKLRQEYLK,-2.4628091432461128,0,3,1,1,1
192,E26K,MISNAKIARINELAAKAKAGVITEEKKAEQQKLRQEYLK,-2.845797908202301,0,1,1,1,1
193,E26L,MISNAKIARINELAAKAKAGVITEELKAEQQKLRQEYLK,-2.0890857844584616,0,4,1,1,1
194,E26M,MISNAKIARINELAAKAKAGVITEEMKAEQQKLRQEYLK,-1.9481246485571484,0,0,1,1,1
195,E26N,MISNAKIARINELAAKAKAGVITEENKAEQQKLRQEYLK,-2.8049784687388883,0,2,1,1,1
196,E26Q,MISNAKIARINELAAKAKAGVITEEQKAEQQKLRQEYLK,-1.4434703191143186,0,3,1,1,1
197,E26R,MISNAKIARINELAAKAKAGVITEERKAEQQKLRQEYLK,-2.850046504188008,0,3,1,1,1
198,E26S,MISNAKIARINELAAKAKAGVITEESKAEQQKLRQEYLK,-2.446087845710922,0,1,1,1,1
199,E26T,MISNAKIARINELAAKAKAGVITEETKAEQQKLRQEYLK,-2.401451536747529,0,2,1,1,1
200,E26V,MISNAKIARINELAAKAKAGVITEEVKAEQQKLRQEYLK,-2.916703335228239,0,0,1,1,1
201,E26W,MISNAKIARINELAAKAKAGVITEEWKAEQQKLRQEYLK,-2.10460078908214,0,4,1,1,1
202,E26Y,MISNAKIARINELAAKAKAGVITEEYKAEQQKLRQEYLK,-2.517544704361339,0,3,1,1,1
203,E29A,MISNAKIARINELAAKAKAGVITEEEKAAQQKLRQEYLK,-1.496788529350771,0,1,4,1,4
204,E29C,MISNAKIARINELAAKAKAGVITEEEKACQQKLRQEYLK,-1.2376402082291451,0,3,4,1,4
205,E29D,MISNAKIARINELAAKAKAGVITEEEKADQQKLRQEYLK,-1.7466608516624085,0,3,4,1,4
206,E29F,MISNAKIARINELAAKAKAGVITEEEKAFQQKLRQEYLK,-1.5882145050381276,0,4,4,1,4
207,E29G,MISNAKIARINELAAKAKAGVITEEEKAGQQKLRQEYLK,-2.525399736672881,0,2,4,1,4
208,E29H,MISNAKIARINELAAKAKAGVITEEEKAHQQKLRQEYLK,-1.9238328516351368,0,4,4,1,4
209,E29I,MISNAKIARINELAAKAKAGVITEEEKAIQQKLRQEYLK,-1.3773376824946306,0,4,4,1,4
210,E29K,MISNAKIARINELAAKAKAGVITEEEKAKQQKLRQEYLK,-1.7945524898741845,0,0,4,1,4
211,E29L,MISNAKIARINELAAKAKAGVITEEEKALQQKLRQEYLK,-1.0111625483105693,0,3,4,1,4
212,E29M,MISNAKIARINELAAKAKAGVITEEEKAMQQKLRQEYLK,-1.2588165375685312,0,4,4,1,4
213,E29N,MISNAKIARINELAAKAKAGVITEEEKANQQKLRQEYLK,-2.121232713867544,0,3,4,1,4
214,E29Q,MISNAKIARINELAAKAKAGVITEEEKAQQQKLRQEYLK,-1.3579093821066603,0,2,4,1,4
215,E29R,MISNAKIARINELAAKAKAGVITEEEKARQQKLRQEYLK,-1.5523107587287168,0,1,4,1,4
216,E29S,MISNAKIARINELAAKAKAGVITEEEKASQQKLRQEYLK,-1.938411032089376,0,3,4,1,4
217,E29T,MISNAKIARINELAAKAKAGVITEEEKATQQKLRQEYLK,-1.7226781070139523,0,2,4,1,4
218,E29V,MISNAKIARINELAAKAKAGVITEEEKAVQQKLRQEYLK,-1.5903370166748008,0,2,4,1,4
219,E29W,MISNAKIARINELAAKAKAGVITEEEKAWQQKLRQEYLK,-1.365592516061506,0,3,4,1,4
220,E29Y,MISNAKIARINELAAKAKAGVITEEEKAYQQKLRQEYLK,-1.4941332935436444,0,0,4,1,4
221,E36A,MISNAKIARINELAAKAKAGVITEEEKAEQQKLRQAYLK,-0.6420275619334741,1,4,1,1,1
222,E36C,MISNAKIARINELAAKAKAGVITEEEKAEQQKLRQCYLK,0.3550446781992145,1,4,1,1,1
223,E36D,MISNAKIARINELAAKAKAGVITEEEKAEQQKLRQDYLK,-0.3670175928189465,1,4,1,1,1
224,E36F,MISNAKIARINELAAKAKAGVITEEEKAEQQKLRQFYLK,-0.7460620958943311,1,0,1,1,1
225,E36G,MISNAKIARINELAAKAKAGVITEEEKAEQQKLRQGYLK,-1.1195435185273204,0,3,1,1,1
226,E36H,MISNAKIARINELAAKAKAGVITEEEKAEQQKLRQHYLK,-0.5771168680736336,1,4,1,1,1
227,E36I,MISNAKIARINELAAKAKAGVITEEEKAEQQKLRQIYLK,-0.6392184123408378,1,3,1,1,1
228,E36K,MISNAKIARINELAAKAKAGVITEEEKAEQQKLRQKYLK,-0.5953252017526061,1,0,1,1,1
229,E36L,MISNAKIARINELAAKAKAGVITEEEKAEQQKLRQLYLK,-0.2469434347502219,1,1,1,1,1
230,E36M,MISNAKIARINELAAKAKAGVITEEEKAEQQKLRQMYLK,-0.3795581731447468,1,0,1,1,1
231,E36N,MISNAKIARINELAAKAKAGVITEEEKAEQQKLRQNYLK,-0.8980623615707364,1,0,1,1,1
232,E36P,MISNAKIARINELAAKAKAGVITEEEKAEQQKLRQPYLK,-1.4893108752834845,0,2,1,1,1
233,E36Q,MISNAKIARINELAAKAKAGVITEEEKAEQQKLRQQYLK,-0.4365031268501667,1,1,1,1,1
234,E36R,MISNAKIARINELAAKAKAGVITEEEKAEQQKLRQRYLK,-0.6150281060832552,1,2,1,1,1
235,E36S,MISNAKIARINELAAKAKAGVITEEEKAEQQKLRQSYLK,-0.8312503479488567,1,2,1,1,1
236,E36T,MISNAKIARINELAAKAKAGVITEEEKAEQQKLRQTYLK,-0.8046822663747508,1,3,1,1,1
237,E36V,MISNAKIARINELAAKAKAGVITEEEKAEQQKLRQVYLK,-1.0431118621678324,0,4,1,1,1
238,E36W,MISNAKIARINELAAKAKAGVITEEEKAEQQKLRQWYLK,0.0561475010880556,1,4,1,1,1
239,E36Y,MISNAKIARINELAAKAKAGVITEEEKAEQQKLRQYYLK,-0.3562801728463478,1,2,1,1,1
240,G20A,MISNAKIARINELAAKAKAAVITEEEKAEQQKLRQEYLK,-1.311949900253678,0,0,0,1,0
241,G20C,MISNAKIARINELAAKAKACVITEEEKAEQQKLRQEYLK,-0.3775064180633531,1,3,0,1,0
242,G20D,MISNAKIARINELAAKAKADVITEEEKAEQQKLRQEYLK,-1.2726848535655182,0,2,0,1,0
243,G20E,MISNAKIARINELAAKAKAEVITEEEKAEQQKLRQEYLK,-1.2572436569708856,0,3,0,1,0
244,G20F,MISNAKIARINELAAKAKAFVITEEEKAEQQKLRQEYLK,-1.4377815927904207,0,0,0,1,0
245,G20H,MISNAKIARINELAAKAKAHVITEEEKAEQQKLRQEYLK,-1.16485408743313,0,0,0,1,0
246,G20I,MISNAKIARINELAAKAKAIVITEEEKAEQQKLRQEYLK,-2.1153229090963905,0,0,0,1,0
247,G20K,MISNAKIARINELAAKAKAKVITEEEKAEQQKLRQEYLK,-0.977715199402388,1,3,0,1,0
248,G20L,MISNAKIARINELAAKAKALVITEEEKAEQQKLRQEYLK,-1.242969986352398,0,1,0,1,0
249,G20M,MISNAKIARINELAAKAKAMVITEEEKAEQQKLRQEYLK,-0.9344626791924328,1,0,0,1,0
250,G20N,MISNAKIARINELAAKAKANVITEEEKAEQQKLRQEYLK,-0.7852759113611512,1,1,0,1,0
251,G20Q,MISNAKIARINELAAKAKAQVITEEEKAEQQKLRQEYLK,-0.9619283283235572,1,2,0,1,0
252,G20R,MISNAKIARINELAAKAKARVITEEEKAEQQKLRQEYLK,-1.0851322642897543,0,1,0,1,0
253,G20S,MISNAKIARINELAAKAKASVITEEEKAEQQKLRQEYLK,-1.5354748620523768,0,3,0,1,0
254,G20T,MISNAKIARINELAAKAKATVITEEEKAEQQKLRQEYLK,-1.9619086473143912,0,1,0,1,0
255,G20V,MISNAKIARINELAAKAKAVVITEEEKAEQQKLRQEYLK,-1.675818681693492,0,3,0,1,0
256,G20W,MISNAKIARINELAAKAKAWVITEEEKAEQQKLRQEYLK,-2.2138082639183736,0,4,0,1,0
257,G20Y,MISNAKIARINELAAKAKAYVITEEEKAEQQKLRQEYLK,-1.6723522927365817,0,0,0,1,0
258,I10A,MISNAKIARANELAAKAKAGVITEEEKAEQQKLRQEYLK,-0.68432084721279,1,1,0,1,0
259,I10C,MISNAKIARCNELAAKAKAGVITEEEKAEQQKLRQEYLK,0.2404675713144222,1,0,0,1,0
260,I10D,MISNAKIARDNELAAKAKAGVITEEEKAEQQKLRQEYLK,-1.866640776105151,0,2,0,1,0
261,I10E,MISNAKIARENELAAKAKAGVITEEEKAEQQKLRQEYLK,-1.6481633426214746,0,1,0,1,0
262,I10F,MISNAKIARFNELAAKAKAGVITEEEKAEQQKLRQEYLK,-0.02675551308476,1,4,0,1,0
263,I10G,MISNAKIARGNELAAKAKAGVITEEEKAEQQKLRQEYLK,-1.4583058847112893,0,2,0,1,0
264,I10H,MISNAKIARHNELAAKAKAGVITEEEKAEQQKLRQEYLK,-1.023710187932998,0,4,0,1,0
265,I10K,MISNAKIARKNELAAKAKAGVITEEEKAEQQKLRQEYLK,-1.6157038496417548,0,2,0,1,0
266,I10L,MISNAKIARLNELAAKAKAGVITEEEKAEQQKLRQEYLK,0.3309423182027959,1,3,0,1,0
267,I10M,MISNAKIARMNELAAKAKAGVITEEEKAEQQKLRQEYLK,0.6230605212971572,1,3,0,1,0
268,I10N,MISNAKIARNNELAAKAKAGVITEEEKAEQQKLRQEYLK,-2.130396193720863,0,3,0,1,0
269,I10P,MISNAKIARPNELAAKAKAGVITEEEKAEQQKLRQEYLK,-2.4238529008405814,0,0,0,1,0
270,I10Q,MISNAKIARQNELAAKAKAGVITEEEKAEQQKLRQEYLK,-1.2562925612934437,0,3,0,1,0
271,I10R,MISNAKIARRNELAAKAKAGVITEEEKAEQQKLRQEYLK,-1.1484222247635578,0,0,0,1,0
272,I10S,MISNAKIARSNELAAKAKAGVITEEEKAEQQKLRQEYLK,-1.3825242549719972,0,1,0,1,0
273,I10T,MISNAKIARTNELAAKAKAGVITEEEKAEQQKLRQEYLK,-1.3879443267070404,0,2,0,1,0
274,I10V,MISNAKIARVNELAAKAKAGVITEEEKAEQQKLRQEYLK,-0.8355277709930791,1,4,0,1,0
275,I10W,MISNAKIARWNELAAKAKAGVITEEEKAEQQKLRQEYLK,0.4714771461921199,1,2,0,1,0
276,I10Y,MISNAKIARYNELAAKAKAGVITEEEKAEQQKLRQEYLK,0.1243454233822416,1,2,0,1,0
277,I22A,MISNAKIARINELAAKAKAGVATEEEKAEQQKLRQEYLK,-0.9630624363795776,1,1,2,1,2
278,I22D,MISNAKIARINELAAKAKAGVDTEEEKAEQQKLRQEYLK,-2.083100059879454,0,3,2,1,2
279,I22E,MISNAKIARINELAAKAKAGVETEEEKAEQQKLRQEYLK,-2.197463998088563,0,0,2,1,2
280,I22F,MISNAKIARINELAAKAKAGVFTEEEKAEQQKLRQEYLK,-1.7367843053035608,0,2,2,1,2
281,I22G,MISNAKIARINELAAKAKAGVGTEEEKAEQQKLRQEYLK,-2.368508133929742,0,2,2,1,2
282,I22L,MISNAKIARINELAAKAKAGVLTEEEKAEQQKLRQEYLK,0.2237434856888858,1,2,2,1,2
283,I22M,MISNAKIARINELAAKAKAGVMTEEEKAEQQKLRQEYLK,-0.4028282290015643,1,4,2,1,2
284,I22N,MISNAKIARINELAAKAKAGVNTEEEKAEQQKLRQEYLK,-2.310232842116291,0,0,2,1,2
285,I22P,MISNAKIARINELAAKAKAGVPTEEEKAEQQKLRQEYLK,-1.8339996590093448,0,2,2,1,2
286,I22Q,MISNAKIARINELAAKAKAGVQTEEEKAEQQKLRQEYLK,-1.229762191947554,0,4,2,1,2
287,I22R,MISNAKIARINELAAKAKAGVRTEEEKAEQQKLRQEYLK,-2.0154811948914544,0,1,2,1,2
288,I22S,MISNAKIARINELAAKAKAGVSTEEEKAEQQKLRQEYLK,-1.6743785687646322,0,3,2,1,2
289,I22T,MISNAKIARINELAAKAKAGVTTEEEKAEQQKLRQEYLK,-1.9279627992958608,0,1,2,1,2
290,I22V,MISNAKIARINELAAKAKAGVVTEEEKAEQQKLRQEYLK,-1.4734637299051463,0,0,2,1,2
291,I22W,MISNAKIARINELAAKAKAGVWTEEEKAEQQKLRQEYLK,-1.281652819944899,0,2,2,1,2
292,I22Y,MISNAKIARINELAAKAKAGVYTEEEKAEQQKLRQEYLK,-1.893514525743197,0,2,2,1,2
293,I2A,MASNAKIARINELAAKAKAGVITEEEKAEQQKLRQEYLK,-0.3124540727321057,1,4,2,2,2
294,I2D,MDSNAKIARINELAAKAKAGVITEEEKAEQQKLRQEYLK,-0.3661015083851304,1,2,2,2,2
295,I2E,MESNAKIARINELAAKAKAGVITEEEKAEQQKLRQEYLK,-0.1463865063845837,1,2,2,2,2
296,I2F,MFSNAKIARINELAAKAKAGVITEEEKAEQQKLRQEYLK,-0.1308725805557551,1,2,2,2,2
297,I2G,MGSNAKIARINELAAKAKAGVITEEEKAEQQKLRQEYLK,-0.4442249524021853,1,3,2,2,2
298,I2H,MHSNAKIARINELAAKAKAGVITEEEKAEQQKLRQEYLK,-0.3317067511324019,1,3,2,2,2
299,I2K,MKSNAKIARINELAAKAKAGVITEEEKAEQQKLRQEYLK,-0.4968254895461856,1,0,2,2,2
300,I2L,MLSNAKIARINELAAKAKAGVITEEEKAEQQKLRQEYLK,-0.0631084490587405,1,0,2,2,2
301,I2M,MMSNAKIARINELAAKAKAGVITEEEKAEQQKLRQEYLK,0.2634806050627576,1,3,2,2,2
302,I2N,MNSNAKIARINELAAKAKAGVITEEEKAEQQKLRQEYLK,-0.4041706324218053,1,3,2,2,2
303,I2P,MPSNAKIARINELAAKAKAGVITEEEKAEQQKLRQEYLK,-0.2879710659962853,1,1,2,2,2
304,I2Q,MQSNAKIARINELAAKAKAGVITEEEKAEQQKLRQEYLK,-0.3749882349388345,1,0,2,2,2
305,I2R,MRSNAKIARINELAAKAKAGVITEEEKAEQQKLRQEYLK,-0.5878498323380528,1,4,2,2,2
306,I2S,MSSNAKIARINELAAKAKAGVITEEEKAEQQKLRQEYLK,-0.3169559264232588,1,3,2,2,2
307,I2T,MTSNAKIARINELAAKAKAGVITEEEKAEQQKLRQEYLK,-0.2540027769350017,1,3,2,2,2
308,I2V,MVSNAKIARINELAAKAKAGVITEEEKAEQQKLRQEYLK,-0.3161326139349505,1,2,2,2,2
309,I2W,MWSNAKIARINELAAKAKAGVITEEEKAEQQKLRQEYLK,-0.3920623860595937,1,0,2,2,2
310,I2Y,MYSNAKIARINELAAKAKAGVITEEEKAEQQKLRQEYLK,-0.7132535911959454,1,3,2,2,2
311,I7A,MISNAKAARINELAAKAKAGVITEEEKAEQQKLRQEYLK,-0.5346366241827047,1,0,2,2,2
312,I7C,MISNAKCARINELAAKAKAGVITEEEKAEQQKLRQEYLK,0.4497538369403653,1,2,2,2,2
313,I7D,MISNAKDARINELAAKAKAGVITEEEKAEQQKLRQEYLK,-1.6668052097250583,0,0,2,2,2
314,I7E,MISNAKEARINELAAKAKAGVITEEEKAEQQKLRQEYLK,-0.7778674590238221,1,0,2,2,2
315,I7F,MISNAKFARINELAAKAKAGVITEEEKAEQQKLRQEYLK,-0.7088538117185983,1,0,2,2,2
316,I7G,MISNAKGARINELAAKAKAGVITEEEKAEQQKLRQEYLK,-1.2023674157041775,0,0,2,2,2
317,I7H,MISNAKHARINELAAKAKAGVITEEEKAEQQKLRQEYLK,-0.7290561019439155,1,4,2,2,2
318,I7K,MISNAKKARINELAAKAKAGVITEEEKAEQQKLRQEYLK,-0.2066124751503464,1,0,2,2,2
319,I7L,MISNAKLARINELAAKAKAGVITEEEKAEQQKLRQEYLK,0.3574214773623025,1,4,2,2,2
320,I7M,MISNAKMARINELAAKAKAGVITEEEKAEQQKLRQEYLK,-0.1006177547380229,1,3,2,2,2
321,I7N,MISNAKNARINELAAKAKAGVITEEEKAEQQKLRQEYLK,-0.961843078699302,1,3,2,2,2
322,I7P,MISNAKPARINELAAKAKAGVITEEEKAEQQKLRQEYLK,-1.5615095572428914,0,4,2,2,2
323,I7Q,MISNAKQARINELAAKAKAGVITEEEKAEQQKLRQEYLK,-0.3754496979205319,1,3,2,2,2
324,I7R,MISNAKRARINELAAKAKAGVITEEEKAEQQKLRQEYLK,0.0368119637083652,1,1,2,2,2
325,I7S,MISNAKSARINELAAKAKAGVITEEEKAEQQKLRQEYLK,-0.5558705633434076,1,2,2,2,2
326,I7T,MISNAKTARINELAAKAKAGVITEEEKAEQQKLRQEYLK,-0.6964744562532865,1,2,2,2,2
327,I7V,MISNAKVARINELAAKAKAGVITEEEKAEQQKLRQEYLK,-0.3063317246317376,1,2,2,2,2
328,I7W,MISNAKWARINELAAKAKAGVITEEEKAEQQKLRQEYLK,-0.0823349057564057,1,2,2,2,2
329,I7Y,MISNAKYARINELAAKAKAGVITEEEKAEQQKLRQEYLK,-0.6369673793869808,1,3,2,2,2
330,K16A,MISNAKIARINELAAAAKAGVITEEEKAEQQKLRQEYLK,-1.0893337290926497,0,2,1,2,1
331,K16C,MISNAKIARINELAACAKAGVITEEEKAEQQKLRQEYLK,-1.4760821326863196,0,0,1,2,1
332,K16D,MISNAKIARINELAADAKAGVITEEEKAEQQKLRQEYLK,-2.303249851681928,0,4,1,2,1
333,K16E,MISNAKIARINELAAEAKAGVITEEEKAEQQKLRQEYLK,-2.7802027276798285,0,3,1,2,1
334,K16F,MISNAKIARINELAAFAKAGVITEEEKAEQQKLRQEYLK,-1.070839883212394,0,2,1,2,1
335,K16G,MISNAKIARINELAAGAKAGVITEEEKAEQQKLRQEYLK,-2.0148444974345905,0,3,1,2,1
336,K16H,MISNAKIARINELAAHAKAGVITEEEKAEQQKLRQEYLK,-1.5151027895394518,0,2,1,2,1
337,K16I,MISNAKIARINELAAIAKAGVITEEEKAEQQKLRQEYLK,-1.1840353770406111,0,1,1,2,1
338,K16L,MISNAKIARINELAALAKAGVITEEEKAEQQKLRQEYLK,-0.1569126975008178,1,1,1,2,1
339,K16M,MISNAKIARINELAAMAKAGVITEEEKAEQQKLRQEYLK,-0.7853252160351779,1,3,1,2,1
340,K16N,MISNAKIARINELAANAKAGVITEEEKAEQQKLRQEYLK,-1.6258403135738506,0,1,1,2,1
341,K16P,MISNAKIARINELAAPAKAGVITEEEKAEQQKLRQEYLK,-2.541643346652083,0,0,1,2,1
342,K16Q,MISNAKIARINELAAQAKAGVITEEEKAEQQKLRQEYLK,-1.5913651119597576,0,0,1,2,1
343,K16R,MISNAKIARINELAARAKAGVITEEEKAEQQKLRQEYLK,-0.0443634958231951,1,4,1,2,1
344,K16S,MISNAKIARINELAASAKAGVITEEEKAEQQKLRQEYLK,-1.6769610271110889,0,1,1,2,1
345,K16T,MISNAKIARINELAATAKAGVITEEEKAEQQKLRQEYLK,-2.018099801568276,0,3,1,2,1
346,K16V,MISNAKIARINELAAVAKAGVITEEEKAEQQKLRQEYLK,-1.8318553259464896,0,3,1,2,1
347,K16W,MISNAKIARINELAAWAKAGVITEEEKAEQQKLRQEYLK,-1.5890970486902387,0,1,1,2,1
348,K16Y,MISNAKIARINELAAYAKAGVITEEEKAEQQKLRQEYLK,-1.2796609609932017,0,4,1,2,1
349,K18A,MISNAKIARINELAAKAAAGVITEEEKAEQQKLRQEYLK,0.1278401246680944,1,2,3,2,3
350,K18C,MISNAKIARINELAAKACAGVITEEEKAEQQKLRQEYLK,0.0648462656099382,1,2,3,2,3
351,K18D,MISNAKIARINELAAKADAGVITEEEKAEQQKLRQEYLK,-0.3278261281310264,1,2,3,2,3
352,K18E,MISNAKIARINELAAKAEAGVITEEEKAEQQKLRQEYLK,-0.1180773506231918,1,4,3,2,3
353,K18F,MISNAKIARINELAAKAFAGVITEEEKAEQQKLRQEYLK,-0.5259754543157937,1,1,3,2,3
354,K18G,MISNAKIARINELAAKAGAGVITEEEKAEQQKLRQEYLK,-0.764012733826446,1,3,3,2,3
355,K18H,MISNAKIARINELAAKAHAGVITEEEKAEQQKLRQEYLK,-0.2537753410827725,1,4,3,2,3
356,K18I,MISNAKIARINELAAKAIAGVITEEEKAEQQKLRQEYLK,-0.1541212161067449,1,4,3,2,3
357,K18L,MISNAKIARINELAAKALAGVITEEEKAEQQKLRQEYLK,0.0154984182297672,1,0,3,2,3
358,K18M,MISNAKIARINELAAKAMAGVITEEEKAEQQKLRQEYLK,-0.0066798378452284,1,0,3,2,3
359,K18N,MISNAKIARINELAAKANAGVITEEEKAEQQKLRQEYLK,-0.4169966532363123,1,1,3,2,3
360,K18P,MISNAKIARINELAAKAPAGVITEEEKAEQQKLRQEYLK,-2.698595119234104,0,3,3,2,3
361,K18Q,MISNAKIARINELAAKAQAGVITEEEKAEQQKLRQEYLK,-0.3324366128975384,1,2,3,2,3
362,K18R,MISNAKIARINELAAKARAGVITEEEKAEQQKLRQEYLK,0.0575304160018332,1,2,3,2,3
363,K18S,MISNAKIARINELAAKASAGVITEEEKAEQQKLRQEYLK,-0.3110302551619548,1,2,3,2,3
364,K18T,MISNAKIARINELAAKATAGVITEEEKAEQQKLRQEYLK,-0.4210528864980492,1,2,3,2,3
365,K18V,MISNAKIARINELAAKAVAGVITEEEKAEQQKLRQEYLK,-0.1305152649119176,1,1,3,2,3
366,K18W,MISNAKIARINELAAKAWAGVITEEEKAEQQKLRQEYLK,-0.5751521295708144,1,1,3,2,3
367,K18Y,MISNAKIARINELAAKAYAGVITEEEKAEQQKLRQEYLK,-0.4737069158130158,1,0,3,2,3
368,K27A,MISNAKIARINELAAKAKAGVITEEEAAEQQKLRQEYLK,-0.2834219728090712,1,2,2,2,2
369,K27D,MISNAKIARINELAAKAKAGVITEEEDAEQQKLRQEYLK,-0.7533832851593376,1,2,2,2,2
370,K27E,MISNAKIARINELAAKAKAGVITEEEEAEQQKLRQEYLK,-0.1729644673737616,1,3,2,2,2
371,K27F,MISNAKIARINELAAKAKAGVITEEEFAEQQKLRQEYLK,-0.4108536970199115,1,2,2,2,2
372,K27G,MISNAKIARINELAAKAKAGVITEEEGAEQQKLRQEYLK,-1.4338517411947256,0,1,2,2,2
373,K27H,MISNAKIARINELAAKAKAGVITEEEHAEQQKLRQEYLK,-0.6715618567718189,1,0,2,2,2
374,K27I,MISNAKIARINELAAKAKAGVITEEEIAEQQKLRQEYLK,0.0329802749879997,1,4,2,2,2
375,K27L,MISNAKIARINELAAKAKAGVITEEELAEQQKLRQEYLK,-0.2636172456221888,1,2,2,2,2
376,K27M,MISNAKIARINELAAKAKAGVITEEEMAEQQKLRQEYLK,-0.1360866101718763,1,2,2,2,2
377,K27N,MISNAKIARINELAAKAKAGVITEEENAEQQKLRQEYLK,-0.8161958336502604,1,4,2,2,2
378,K27P,MISNAKIARINELAAKAKAGVITEEEPAEQQKLRQEYLK,-2.4300391441859595,0,4,2,2,2
379,K27Q,MISNAKIARINELAAKAKAGVITEEEQAEQQKLRQEYLK,-0.3005474472535467,1,3,2,2,2
380,K27R,MISNAKIARINELAAKAKAGVITEEERAEQQKLRQEYLK,0.0119759529952592,1,1,2,2,2
381,K27S,MISNAKIARINELAAKAKAGVITEEESAEQQKLRQEYLK,-0.5515501764380537,1,2,2,2,2
382,K27T,MISNAKIARINELAAKAKAGVITEEETAEQQKLRQEYLK,-0.5923213268027088,1,4,2,2,2
383,K27V,MISNAKIARINELAAKAKAGVITEEEVAEQQKLRQEYLK,-0.1793561127104153,1,0,2,2,2
384,K27W,MISNAKIARINELAAKAKAGVITEEEWAEQQKLRQEYLK,-0.3474410852152729,1,4,2,2,2
385,K27Y,MISNAKIARINELAAKAKAGVITEEEYAEQQKLRQEYLK,-0.1128608951239518,1,4,2,2,2
386,K32A,MISNAKIARINELAAKAKAGVITEEEKAEQQALRQEYLK,-0.1318680809443959,1,1,2,2,2
387,K32D,MISNAKIARINELAAKAKAGVITEEEKAEQQDLRQEYLK,-0.4542808302512093,1,2,2,2,2
388,K32E,MISNAKIARINELAAKAKAGVITEEEKAEQQELRQEYLK,-0.3453856916389979,1,4,2,2,2
389,K32F,MISNAKIARINELAAKAKAGVITEEEKAEQQFLRQEYLK,-0.1415526755101148,1,4,2,2,2
390,K32G,MISNAKIARINELAAKAKAGVITEEEKAEQQGLRQEYLK,-0.9801130220666532,1,2,2,2,2
391,K32H,MISNAKIARINELAAKAKAGVITEEEKAEQQHLRQEYLK,-0.6309158585576085,1,1,2,2,2
392,K32I,MISNAKIARINELAAKAKAGVITEEEKAEQQILRQEYLK,-0.1552434496421018,1,2,2,2,2
393,K32L,MISNAKIARINELAAKAKAGVITEEEKAEQQLLRQEYLK,0.216103419792482,1,1,2,2,2
394,K32M,MISNAKIARINELAAKAKAGVITEEEKAEQQMLRQEYLK,-0.0849551127117171,1,3,2,2,2
395,K32N,MISNAKIARINELAAKAKAGVITEEEKAEQQNLRQEYLK,-0.5681968832847912,1,2,2,2,2
396,K32Q,MISNAKIARINELAAKAKAGVITEEEKAEQQQLRQEYLK,-0.1994383840127873,1,3,2,2,2
397,K32R,MISNAKIARINELAAKAKAGVITEEEKAEQQRLRQEYLK,0.1481471340843265,1,1,2,2,2
398,K32S,MISNAKIARINELAAKAKAGVITEEEKAEQQSLRQEYLK,-0.4871513557006937,1,4,2,2,2
399,K32T,MISNAKIARINELAAKAKAGVITEEEKAEQQTLRQEYLK,-0.2149963398309924,1,0,2,2,2
400,K32V,MISNAKIARINELAAKAKAGVITEEEKAEQQVLRQEYLK,-0.1536265185490926,1,1,2,2,2
401,K32W,MISNAKIARINELAAKAKAGVITEEEKAEQQWLRQEYLK,-0.1560583005330706,1,4,2,2,2
402,K32Y,MISNAKIARINELAAKAKAGVITEEEKAEQQYLRQEYLK,-0.1535501804080263,1,0,2,2,2
403,K39A,MISNAKIARINELAAKAKAGVITEEEKAEQQKLRQEYLA,0.2787727226224712,1,3,4,2,4
404,K39C,MISNAKIARINELAAKAKAGVITEEEKAEQQKLRQEYLC,0.1739519766512751,1,4,4,2,4
405,K39D,MISNAKIARINELAAKAKAGVITEEEKAEQQKLRQEYLD,0.2181235408807231,1,2,4,2,4
406,K39E,MISNAKIARINELAAKAKAGVITEEEKAEQQKLRQEYLE,0.3942326733522945,1,2,4,2,4
407,K39F,MISNAKIARINELAAKAKAGVITEEEKAEQQKLRQEYLF,0.0646172983613677,1,2,4,2,4
408,K39G,MISNAKIARINELAAKAKAGVITEEEKAEQQKLRQEYLG,0.2151279035348836,1,4,4,2,4
409,K39H,MISNAKIARINELAAKAKAGVITEEEKAEQQKLRQEYLH,0.118615619433152,1,1,4,2,4
410,K39I,MISNAKIARINELAAKAKAGVITEEEKAEQQKLRQEYLI,-0.0471393015328458,1,3,4,2,4
411,K39L,MISNAKIARINELAAKAKAGVITEEEKAEQQKLRQEYLL,0.0883443555222971,1,4,4,2,4
412,K39M,MISNAKIARINELAAKAKAGVITEEEKAEQQKLRQEYLM,0.2456100751563381,1,0,4,2,4
413,K39N,MISNAKIARINELAAKAKAGVITEEEKAEQQKLRQEYLN,0.267237237000562,1,4,4,2,4
414,K39P,MISNAKIARINELAAKAKAGVITEEEKAEQQKLRQEYLP,-0.2489353724790832,1,4,4,2,4
415,K39Q,MISNAKIARINELAAKAKAGVITEEEKAEQQKLRQEYLQ,0.2279329039521092,1,3,4,2,4
416,K39R,MISNAKIARINELAAKAKAGVITEEEKAEQQKLRQEYLR,-0.1175784394224188,1,1,4,2,4
417,K39S,MISNAKIARINELAAKAKAGVITEEEKAEQQKLRQEYLS,0.2626372618445129,1,1,4,2,4
418,K39T,MISNAKIARINELAAKAKAGVITEEEKAEQQKLRQEYLT,0.1819769053187321,1,1,4,2,4
419,K39V,MISNAKIARINELAAKAKAGVITEEEKAEQQKLRQEYLV,-0.1915672907263581,1,1,4,2,4
420,K39W,MISNAKIARINELAAKAKAGVITEEEKAEQQKLRQEYLW,0.0971338617056458,1,3,4,2,4
421,K39Y,MISNAKIARINELAAKAKAGVITEEEKAEQQKLRQEYLY,-0.0422755631085225,1,0,4,2,4
422,K6A,MISNAAIARINELAAKAKAGVITEEEKAEQQKLRQEYLK,-0.0475710786331529,1,4,1,2,1
423,K6C,MISNACIARINELAAKAKAGVITEEEKAEQQKLRQEYLK,-0.3001061265380809,1,2,1,2,1
424,K6D,MISNADIARINELAAKAKAGVITEEEKAEQQKLRQEYLK,-0.3947724681202644,1,1,1,2,1
425,K6E,MISNAEIARINELAAKAKAGVITEEEKAEQQKLRQEYLK,-0.8498572203821504,1,3,1,2,1
426,K6F,MISNAFIARINELAAKAKAGVITEEEKAEQQKLRQEYLK,0.1575310323076495,1,4,1,2,1
427,K6G,MISNAGIARINELAAKAKAGVITEEEKAEQQKLRQEYLK,-0.791931157550815,1,1,1,2,1
428,K6H,MISNAHIARINELAAKAKAGVITEEEKAEQQKLRQEYLK,-0.1152275306505785,1,1,1,2,1
429,K6I,MISNAIIARINELAAKAKAGVITEEEKAEQQKLRQEYLK,0.6130811526087894,1,4,1,2,1
430,K6L,MISNALIARINELAAKAKAGVITEEEKAEQQKLRQEYLK,0.7861824821076446,1,3,1,2,1
431,K6M,MISNAMIARINELAAKAKAGVITEEEKAEQQKLRQEYLK,0.6660248435544172,1,1,1,2,1
432,K6N,MISNANIARINELAAKAKAGVITEEEKAEQQKLRQEYLK,-0.4103569628560719,1,0,1,2,1
433,K6P,MISNAPIARINELAAKAKAGVITEEEKAEQQKLRQEYLK,-0.8924578079580097,1,4,1,2,1
434,K6Q,MISNAQIARINELAAKAKAGVITEEEKAEQQKLRQEYLK,-0.2252387466354732,1,4,1,2,1
435,K6R,MISNARIARINELAAKAKAGVITEEEKAEQQKLRQEYLK,-0.2496538486365576,1,3,1,2,1
436,K6S,MISNASIARINELAAKAKAGVITEEEKAEQQKLRQEYLK,-0.3530550017367859,1,3,1,2,1
437,K6T,MISNATIARINELAAKAKAGVITEEEKAEQQKLRQEYLK,0.0940257070595982,1,1,1,2,1
438,K6V,MISNAVIARINELAAKAKAGVITEEEKAEQQKLRQEYLK,0.4744377811626856,1,4,1,2,1
439,K6W,MISNAWIARINELAAKAKAGVITEEEKAEQQKLRQEYLK,-0.4928003873952171,1,4,1,2,1
440,K6Y,MISNAYIARINELAAKAKAGVITEEEKAEQQKLRQEYLK,-0.3724881736608139,1,4,1,2,1
441,L13A,MISNAKIARINEAAAKAKAGVITEEEKAEQQKLRQEYLK,-2.532201418075258,0,4,3,3,3
442,L13C,MISNAKIARINECAAKAKAGVITEEEKAEQQKLRQEYLK,-1.896190861289011,0,3,3,3,3
443,L13D,MISNAKIARINEDAAKAKAGVITEEEKAEQQKLRQEYLK,-2.983768249401853,0,3,3,3,3
444,L13E,MISNAKIARINEEAAKAKAGVITEEEKAEQQKLRQEYLK,-2.150190803430797,0,3,3,3,3
445,L13F,MISNAKIARINEFAAKAKAGVITEEEKAEQQKLRQEYLK,-1.8083572397672365,0,4,3,3,3
446,L13G,MISNAKIARINEGAAKAKAGVITEEEKAEQQKLRQEYLK,-2.6312724842366424,0,4,3,3,3
447,L13H,MISNAKIARINEHAAKAKAGVITEEEKAEQQKLRQEYLK,-2.74394081644954,0,4,3,3,3
448,L13I,MISNAKIARINEIAAKAKAGVITEEEKAEQQKLRQEYLK,-1.6016271769384651,0,0,3,3,3
449,L13M,MISNAKIARINEMAAKAKAGVITEEEKAEQQKLRQEYLK,-2.434154946284047,0,3,3,3,3
450,L13P,MISNAKIARINEPAAKAKAGVITEEEKAEQQKLRQEYLK,-2.034692856652212,0,3,3,3,3
451,L13Q,MISNAKIARINEQAAKAKAGVITEEEKAEQQKLRQEYLK,-2.9383876936068547,0,2,3,3,3
452,L13R,MISNAKIARINERAAKAKAGVITEEEKAEQQKLRQEYLK,-2.372191790894149,0,2,3,3,3
453,L13S,MISNAKIARINESAAKAKAGVITEEEKAEQQKLRQEYLK,-2.6624961831718945,0,3,3,3,3
454,L13V,MISNAKIARINEVAAKAKAGVITEEEKAEQQKLRQEYLK,-2.7540283630933646,0,2,3,3,3
455,L13W,MISNAKIARINEWAAKAKAGVITEEEKAEQQKLRQEYLK,-2.74861855727033,0,0,3,3,3
456,L13Y,MISNAKIARINEYAAKAKAGVITEEEKAEQQKLRQEYLK,-1.899385448771414,0,1,3,3,3
457,L33A,MISNAKIARINELAAKAKAGVITEEEKAEQQKARQEYLK,-1.7253290652999431,0,3,3,3,3
458,L33C,MISNAKIARINELAAKAKAGVITEEEKAEQQKCRQEYLK,-2.258608737403389,0,4,3,3,3
459,L33E,MISNAKIARINELAAKAKAGVITEEEKAEQQKERQEYLK,-2.533025909037188,0,0,3,3,3
460,L33F,MISNAKIARINELAAKAKAGVITEEEKAEQQKFRQEYLK,-1.2418565064867884,0,2,3,3,3
461,L33G,MISNAKIARINELAAKAKAGVITEEEKAEQQKGRQEYLK,-2.147109689771965,0,0,3,3,3
462,L33H,MISNAKIARINELAAKAKAGVITEEEKAEQQKHRQEYLK,-1.700323669573434,0,0,3,3,3
463,L33I,MISNAKIARINELAAKAKAGVITEEEKAEQQKIRQEYLK,-1.0440068278487578,0,3,3,3,3
464,L33K,MISNAKIARINELAAKAKAGVITEEEKAEQQKKRQEYLK,-2.542003316596205,0,0,3,3,3
465,L33M,MISNAKIARINELAAKAKAGVITEEEKAEQQKMRQEYLK,-1.1189082461509905,0,0,3,3,3
466,L33N,MISNAKIARINELAAKAKAGVITEEEKAEQQKNRQEYLK,-2.370226435661012,0,2,3,3,3
467,L33Q,MISNAKIARINELAAKAKAGVITEEEKAEQQKQRQEYLK,-2.963388926052428,0,0,3,3,3
468,L33R,MISNAKIARINELAAKAKAGVITEEEKAEQQKRRQEYLK,-1.770416881334231,0,1,3,3,3
469,L33S,MISNAKIARINELAAKAKAGVITEEEKAEQQKSRQEYLK,-2.060530532847085,0,1,3,3,3
470,L33T,MISNAKIARINELAAKAKAGVITEEEKAEQQKTRQEYLK,-2.224748087444026,0,0,3,3,3
471,L33V,MISNAKIARINELAAKAKAGVITEEEKAEQQKVRQEYLK,-1.973468559779996,0,2,3,3,3
472,L33W,MISNAKIARINELAAKAKAGVITEEEKAEQQKWRQEYLK,-1.1827717271478342,0,2,3,3,3
473,L33Y,MISNAKIARINELAAKAKAGVITEEEKAEQQKYRQEYLK,-0.7043970533793145,1,3,3,3,3
474,L38A,MISNAKIARINELAAKAKAGVITEEEKAEQQKLRQEYAK,-0.006614618201159,1,1,3,3,3
475,L38C,MISNAKIARINELAAKAKAGVITEEEKAEQQKLRQEYCK,0.2759598715208327,1,4,3,3,3
476,L38D,MISNAKIARINELAAKAKAGVITEEEKAEQQKLRQEYDK,0.1122348226811049,1,4,3,3,3
477,L38E,MISNAKIARINELAAKAKAGVITEEEKAEQQKLRQEYEK,0.3006467796951195,1,1,3,3,3
478,L38F,MISNAKIARINELAAKAKAGVITEEEKAEQQKLRQEYFK,-0.1021582328158459,1,1,3,3,3
479,L38G,MISNAKIARINELAAKAKAGVITEEEKAEQQKLRQEYGK,-0.4589161355783866,1,2,3,3,3
480,L38H,MISNAKIARINELAAKAKAGVITEEEKAEQQKLRQEYHK,-0.1310603772443164,1,1,3,3,3
481,L38I,MISNAKIARINELAAKAKAGVITEEEKAEQQKLRQEYIK,-0.2024392906376997,1,2,3,3,3
482,L38K,MISNAKIARINELAAKAKAGVITEEEKAEQQKLRQEYKK,-0.1921101178285218,1,2,3,3,3
483,L38M,MISNAKIARINELAAKAKAGVITEEEKAEQQKLRQEYMK,0.0680111866469364,1,4,3,3,3
484,L38N,MISNAKIARINELAAKAKAGVITEEEKAEQQKLRQEYNK,0.0101856626649992,1,3,3,3,3
485,L38P,MISNAKIARINELAAKAKAGVITEEEKAEQQKLRQEYPK,-0.7725365876129078,1,1,3,3,3
486,L38Q,MISNAKIARINELAAKAKAGVITEEEKAEQQKLRQEYQK,-0.0472058600403064,1,3,3,3,3
487,L38R,MISNAKIARINELAAKAKAGVITEEEKAEQQKLRQEYRK,0.0957713096363317,1,0,3,3,3
488,L38S,MISNAKIARINELAAKAKAGVITEEEKAEQQKLRQEYSK,-0.1654160790000685,1,4,3,3,3
489,L38T,MISNAKIARINELAAKAKAGVITEEEKAEQQKLRQEYTK,-0.2596626392219778,1,1,3,3,3
490,L38V,MISNAKIARINELAAKAKAGVITEEEKAEQQKLRQEYVK,-0.3210952092926056,1,1,3,3,3
491,L38W,MISNAKIARINELAAKAKAGVITEEEKAEQQKLRQEYWK,-0.0233289516293946,1,3,3,3,3
492,L38Y,MISNAKIARINELAAKAKAGVITEEEKAEQQKLRQEYYK,0.1464807594201791,1,0,3,3,3
493,M1A,AISNAKIARINELAAKAKAGVITEEEKAEQQKLRQEYLK,0.1084398879990393,1,2,1,3,1
494,M1D,DISNAKIARINELAAKAKAGVITEEEKAEQQKLRQEYLK,-0.2383687222117052,1,3,1,3,1
495,M1E,EISNAKIARINELAAKAKAGVITEEEKAEQQKLRQEYLK,-0.1554771101581185,1,4,1,3,1
496,M1F,FISNAKIARINELAAKAKAGVITEEEKAEQQKLRQEYLK,0.0766224970838598,1,0,1,3,1
497,M1G,GISNAKIARINELAAKAKAGVITEEEKAEQQKLRQEYLK,0.02327389562112,1,3,1,3,1
498,M1H,HISNAKIARINELAAKAKAGVITEEEKAEQQKLRQEYLK,-0.1463826910756793,1,1,1,3,1
499,M1I,IISNAKIARINELAAKAKAGVITEEEKAEQQKLRQEYLK,0.1752198452728377,1,3,1,3,1
500,M1K,KISNAKIARINELAAKAKAGVITEEEKAEQQKLRQEYLK,0.0519757978618784,1,4,1,3,1
501,M1L,LISNAKIARINELAAKAKAGVITEEEKAEQQKLRQEYLK,-0.0532280575337211,1,4,1,3,1
502,M1N,NISNAKIARINELAAKAKAGVITEEEKAEQQKLRQEYLK,0.0787902625432517,1,4,1,3,1
503,M1P,PISNAKIARINELAAKAKAGVITEEEKAEQQKLRQEYLK,0.0432327922422293,1,3,1,3,1
504,M1Q,QISNAKIARINELAAKAKAGVITEEEKAEQQKLRQEYLK,-0.0704589775624957,1,4,1,3,1
505,M1R,RISNAKIARINELAAKAKAGVITEEEKAEQQKLRQEYLK,0.0638229732327406,1,2,1,3,1
506,M1S,SISNAKIARINELAAKAKAGVITEEEKAEQQKLRQEYLK,-0.1278794180355764,1,4,1,3,1
507,M1T,TISNAKIARINELAAKAKAGVITEEEKAEQQKLRQEYLK,0.012483676781636,1,0,1,3,1
508,M1V,VISNAKIARINELAAKAKAGVITEEEKAEQQKLRQEYLK,-0.2394958736196797,1,1,1,3,1
509,M1W,WISNAKIARINELAAKAKAGVITEEEKAEQQKLRQEYLK,-0.2493178631396184,1,3,1,3,1
510,M1Y,YISNAKIARINELAAKAKAGVITEEEKAEQQKLRQEYLK,0.0708709989155331,1,3,1,3,1
511,N11A,MISNAKIARIAELAAKAKAGVITEEEKAEQQKLRQEYLK,-0.0638108218428468,1,4,1,3,1
512,N11C,MISNAKIARICELAAKAKAGVITEEEKAEQQKLRQEYLK,0.4756844021513813,1,3,1,3,1
513,N11D,MISNAKIARIDELAAKAKAGVITEEEKAEQQKLRQEYLK,-0.4038536736621561,1,3,1,3,1
514,N11E,MISNAKIARIEELAAKAKAGVITEEEKAEQQKLRQEYLK,-0.1113272820667372,1,0,1,3,1
515,N11F,MISNAKIARIFELAAKAKAGVITEEEKAEQQKLRQEYLK,0.4551753602498429,1,3,1,3,1
516,N11G,MISNAKIARIGELAAKAKAGVITEEEKAEQQKLRQEYLK,-0.4406390224015291,1,1,1,3,1
517,N11H,MISNAKIARIHELAAKAKAGVITEEEKAEQQKLRQEYLK,0.2305305938761339,1,3,1,3,1
518,N11I,MISNAKIARIIELAAKAKAGVITEEEKAEQQKLRQEYLK,0.549729386961678,1,0,1,3,1
519,N11K,MISNAKIARIKELAAKAKAGVITEEEKAEQQKLRQEYLK,0.2923310959465395,1,2,1,3,1
520,N11L,MISNAKIARILELAAKAKAGVITEEEKAEQQKLRQEYLK,0.3714069284079362,1,2,1,3,1
521,N11M,MISNAKIARIMELAAKAKAGVITEEEKAEQQKLRQEYLK,0.3182495432158205,1,3,1,3,1
522,N11P,MISNAKIARIPELAAKAKAGVITEEEKAEQQKLRQEYLK,-2.6816448073592523,0,0,1,3,1
523,N11Q,MISNAKIARIQELAAKAKAGVITEEEKAEQQKLRQEYLK,0.1421304153266085,1,2,1,3,1
524,N11R,MISNAKIARIRELAAKAKAGVITEEEKAEQQKLRQEYLK,0.5450031704507365,1,0,1,3,1
525,N11S,MISNAKIARISELAAKAKAGVITEEEKAEQQKLRQEYLK,-0.2531849979075604,1,2,1,3,1
526,N11T,MISNAKIARITELAAKAKAGVITEEEKAEQQKLRQEYLK,-0.2006441946180821,1,0,1,3,1
527,N11V,MISNAKIARIVELAAKAKAGVITEEEKAEQQKLRQEYLK,0.0968570826649672,1,3,1,3,1
528,N11W,MISNAKIARIWELAAKAKAGVITEEEKAEQQKLRQEYLK,0.506127621319906,1,2,1,3,1
529,N11Y,MISNAKIARIYELAAKAKAGVITEEEKAEQQKLRQEYLK,0.6034292385191691,1,4,1,3,1
530,N4A,MISAAKIARINELAAKAKAGVITEEEKAEQQKLRQEYLK,0.2918473917781279,1,3,4,3,4
531,N4D,MISDAKIARINELAAKAKAGVITEEEKAEQQKLRQEYLK,0.0424685538883755,1,3,4,3,4
532,N4E,MISEAKIARINELAAKAKAGVITEEEKAEQQKLRQEYLK,0.1570142605796149,1,0,4,3,4
533,N4F,MISFAKIARINELAAKAKAGVITEEEKAEQQKLRQEYLK,-0.3031578940139301,1,3,4,3,4
534,N4G,MISGAKIARINELAAKAKAGVITEEEKAEQQKLRQEYLK,0.0580105162332711,1,2,4,3,4
535,N4H,MISHAKIARINELAAKAKAGVITEEEKAEQQKLRQEYLK,0.2010000219910876,1,3,4,3,4
536,N4I,MISIAKIARINELAAKAKAGVITEEEKAEQQKLRQEYLK,0.3710603984898224,1,3,4,3,4
537,N4K,MISKAKIARINELAAKAKAGVITEEEKAEQQKLRQEYLK,0.4239432406671493,1,0,4,3,4
538,N4L,MISLAKIARINELAAKAKAGVITEEEKAEQQKLRQEYLK,0.3704519176108829,1,3,4,3,4
539,N4M,MISMAKIARINELAAKAKAGVITEEEKAEQQKLRQEYLK,0.3616649810367818,1,1,4,3,4
540,N4P,MISPAKIARINELAAKAKAGVITEEEKAEQQKLRQEYLK,0.3268795779974427,1,1,4,3,4
541,N4Q,MISQAKIARINELAAKAKAGVITEEEKAEQQKLRQEYLK,0.2496703745001269,1,2,4,3,4
542,N4R,MISRAKIARINELAAKAKAGVITEEEKAEQQKLRQEYLK,0.3000907373779888,1,0,4,3,4
543,N4S,MISSAKIARINELAAKAKAGVITEEEKAEQQKLRQEYLK,0.0920637414799498,1,2,4,3,4
544,N4T,MISTAKIARINELAAKAKAGVITEEEKAEQQKLRQEYLK,0.1452854815117312,1,3,4,3,4
545,N4V,MISVAKIARINELAAKAKAGVITEEEKAEQQKLRQEYLK,0.1493649810414461,1,0,4,3,4
546,N4W,MISWAKIARINELAAKAKAGVITEEEKAEQQKLRQEYLK,-0.3807132999552516,1,4,4,3,4
547,N4Y,MISYAKIARINELAAKAKAGVITEEEKAEQQKLRQEYLK,-0.8493589650003945,1,0,4,3,4
548,Q30A,MISNAKIARINELAAKAKAGVITEEEKAEAQKLRQEYLK,0.4035671001366769,1,3,0,3,0
549,Q30D,MISNAKIARINELAAKAKAGVITEEEKAEDQKLRQEYLK,-0.8460440023944686,1,1,0,3,0
550,Q30E,MISNAKIARINELAAKAKAGVITEEEKAEEQKLRQEYLK,-0.3194047231189212,1,3,0,3,0
551,Q30F,MISNAKIARINELAAKAKAGVITEEEKAEFQKLRQEYLK,0.9079877671552384,1,1,0,3,0
552,Q30G,MISNAKIARINELAAKAKAGVITEEEKAEGQKLRQEYLK,-0.8947240026910066,1,0,0,3,0
553,Q30H,MISNAKIARINELAAKAKAGVITEEEKAEHQKLRQEYLK,0.2907160311006933,1,3,0,3,0
554,Q30I,MISNAKIARINELAAKAKAGVITEEEKAEIQKLRQEYLK,0.0601283039404636,1,2,0,3,0
555,Q30K,MISNAKIARINELAAKAKAGVITEEEKAEKQKLRQEYLK,-0.958403300233228,1,0,0,3,0
556,Q30L,MISNAKIARINELAAKAKAGVITEEEKAELQKLRQEYLK,0.9452739445337196,1,3,0,3,0
557,Q30M,MISNAKIARINELAAKAKAGVITEEEKAEMQKLRQEYLK,0.5257512624365295,1,0,0,3,0
558,Q30N,MISNAKIARINELAAKAKAGVITEEEKAENQKLRQEYLK,-0.8414072983702365,1,0,0,3,0
559,Q30R,MISNAKIARINELAAKAKAGVITEEEKAERQKLRQEYLK,-0.1238196582372213,1,3,0,3,0
560,Q30S,MISNAKIARINELAAKAKAGVITEEEKAESQKLRQEYLK,-0.3546846650902673,1,0,0,3,0
561,Q30T,MISNAKIARINELAAKAKAGVITEEEKAETQKLRQEYLK,-1.1563880549678416,0,4,0,3,0
562,Q30V,MISNAKIARINELAAKAKAGVITEEEKAEVQKLRQEYLK,-0.099583103819389,1,3,0,3,0
563,Q30W,MISNAKIARINELAAKAKAGVITEEEKAEWQKLRQEYLK,1.379592336200453,1,4,0,3,0
564,Q30Y,MISNAKIARINELAAKAKAGVITEEEKAEYQKLRQEYLK,1.2505192806478371,1,1,0,3,0
565,Q31A,MISNAKIARINELAAKAKAGVITEEEKAEQAKLRQEYLK,0.090717073996184,1,0,1,3,1
566,Q31C,MISNAKIARINELAAKAKAGVITEEEKAEQCKLRQEYLK,0.5686798622912308,1,1,1,3,1
567,Q31D,MISNAKIARINELAAKAKAGVITEEEKAEQDKLRQEYLK,-0.1429697405317322,1,1,1,3,1
568,Q31E,MISNAKIARINELAAKAKAGVITEEEKAEQEKLRQEYLK,0.2977752023969042,1,1,1,3,1
569,Q31F,MISNAKIARINELAAKAKAGVITEEEKAEQFKLRQEYLK,-0.3706242128178905,1,0,1,3,1
570,Q31G,MISNAKIARINELAAKAKAGVITEEEKAEQGKLRQEYLK,-0.7162626818310316,1,1,1,3,1
571,Q31H,MISNAKIARINELAAKAKAGVITEEEKAEQHKLRQEYLK,-0.0786163998443205,1,1,1,3,1
572,Q31I,MISNAKIARINELAAKAKAGVITEEEKAEQIKLRQEYLK,-0.0858424674109428,1,3,1,3,1
573,Q31K,MISNAKIARINELAAKAKAGVITEEEKAEQKKLRQEYLK,-0.0256183658768138,1,1,1,3,1
574,Q31L,MISNAKIARINELAAKAKAGVITEEEKAEQLKLRQEYLK,0.1050083569884963,1,2,1,3,1
575,Q31M,MISNAKIARINELAAKAKAGVITEEEKAEQMKLRQEYLK,0.0253423392367171,1,0,1,3,1
576,Q31N,MISNAKIARINELAAKAKAGVITEEEKAEQNKLRQEYLK,-0.1342677846332263,1,3,1,3,1
577,Q31R,MISNAKIARINELAAKAKAGVITEEEKAEQRKLRQEYLK,0.2376728075219683,1,4,1,3,1
578,Q31S,MISNAKIARINELAAKAKAGVITEEEKAEQSKLRQEYLK,-0.1829267811267765,1,2,1,3,1
579,Q31T,MISNAKIARINELAAKAKAGVITEEEKAEQTKLRQEYLK,-0.1787284459573268,1,4,1,3,1
580,Q31V,MISNAKIARINELAAKAKAGVITEEEKAEQVKLRQEYLK,-0.0785239510773099,1,2,1,3,1
581,Q31W,MISNAKIARINELAAKAKAGVITEEEKAEQWKLRQEYLK,-0.256403960289798,1,3,1,3,1
582,Q31Y,MISNAKIARINELAAKAKAGVITEEEKAEQYKLRQEYLK,0.0082538990574825,1,2,1,3,1
583,Q35A,MISNAKIARINELAAKAKAGVITEEEKAEQQKLRAEYLK,0.0045216827008824,1,0,0,4,0
584,Q35C,MISNAKIARINELAAKAKAGVITEEEKAEQQKLRCEYLK,0.3967037676006342,1,0,0,4,0
585,Q35D,MISNAKIARINELAAKAKAGVITEEEKAEQQKLRDEYLK,0.1355090593228558,1,0,0,4,0
586,Q35E,MISNAKIARINELAAKAKAGVITEEEKAEQQKLREEYLK,0.1430823140035855,1,2,0,4,0
587,Q35F,MISNAKIARINELAAKAKAGVITEEEKAEQQKLRFEYLK,-0.1975584128058451,1,3,0,4,0
588,Q35G,MISNAKIARINELAAKAKAGVITEEEKAEQQKLRGEYLK,-0.5891562495432825,1,1,0,4,0
589,Q35H,MISNAKIARINELAAKAKAGVITEEEKAEQQKLRHEYLK,-0.1580057620554269,1,3,0,4,0
590,Q35I,MISNAKIARINELAAKAKAGVITEEEKAEQQKLRIEYLK,0.0426966215065678,1,3,0,4,0
591,Q35K,MISNAKIARINELAAKAKAGVITEEEKAEQQKLRKEYLK,-0.0602528354151381,1,4,0,4,0
592,Q35L,MISNAKIARINELAAKAKAGVITEEEKAEQQKLRLEYLK,0.0962234462759092,1,3,0,4,0
593,Q35M,MISNAKIARINELAAKAKAGVITEEEKAEQQKLRMEYLK,0.1080683431853737,1,1,0,4,0
594,Q35N,MISNAKIARINELAAKAKAGVITEEEKAEQQKLRNEYLK,-0.3939730337143479,1,2,0,4,0
595,Q35P,MISNAKIARINELAAKAKAGVITEEEKAEQQKLRPEYLK,-1.949532085025296,0,2,0,4,0
596,Q35R,MISNAKIARINELAAKAKAGVITEEEKAEQQKLRREYLK,0.2948442716196755,1,1,0,4,0
597,Q35S,MISNAKIARINELAAKAKAGVITEEEKAEQQKLRSEYLK,-0.1829824015076335,1,2,0,4,0
598,Q35T,MISNAKIARINELAAKAKAGVITEEEKAEQQKLRTEYLK,-0.2984950178703511,1,0,0,4,0
599,Q35V,MISNAKIARINELAAKAKAGVITEEEKAEQQKLRVEYLK,-0.3602743111404516,1,2,0,4,0
600,Q35W,MISNAKIARINELAAKAKAGVITEEEKAEQQKLRWEYLK,0.1927413032788507,1,0,0,4,0
601,Q35Y,MISNAKIARINELAAKAKAGVITEEEKAEQQKLRYEYLK,-0.1458620125541938,1,1,0,4,0
602,R34A,MISNAKIARINELAAKAKAGVITEEEKAEQQKLAQEYLK,-0.1921300970413229,1,1,4,4,4
603,R34C,MISNAKIARINELAAKAKAGVITEEEKAEQQKLCQEYLK,0.6070227234371615,1,3,4,4,4
604,R34D,MISNAKIARINELAAKAKAGVITEEEKAEQQKLDQEYLK,-0.6293009335361115,1,2,4,4,4
605,R34E,MISNAKIARINELAAKAKAGVITEEEKAEQQKLEQEYLK,0.1009713827786189,1,4,4,4,4
606,R34F,MISNAKIARINELAAKAKAGVITEEEKAEQQKLFQEYLK,0.0960367217950652,1,2,4,4,4
607,R34G,MISNAKIARINELAAKAKAGVITEEEKAEQQKLGQEYLK,-1.0176216734395518,0,3,4,4,4
608,R34H,MISNAKIARINELAAKAKAGVITEEEKAEQQKLHQEYLK,0.0268355121859533,1,2,4,4,4
609,R34I,MISNAKIARINELAAKAKAGVITEEEKAEQQKLIQEYLK,0.5079762158965573,1,4,4,4,4
610,R34K,MISNAKIARINELAAKAKAGVITEEEKAEQQKLKQEYLK,-0.3108421641824017,1,2,4,4,4
611,R34L,MISNAKIARINELAAKAKAGVITEEEKAEQQKLLQEYLK,0.2179299333513498,1,4,4,4,4
612,R34M,MISNAKIARINELAAKAKAGVITEEEKAEQQKLMQEYLK,0.5208017019404165,1,4,4,4,4
613,R34N,MISNAKIARINELAAKAKAGVITEEEKAEQQKLNQEYLK,-0.5267865680777817,1,3,4,4,4
614,R34Q,MISNAKIARINELAAKAKAGVITEEEKAEQQKLQQEYLK,-0.044897041888217,1,4,4,4,4
615,R34S,MISNAKIARINELAAKAKAGVITEEEKAEQQKLSQEYLK,-0.4505019256954177,1,1,4,4,4
616,R34T,MISNAKIARINELAAKAKAGVITEEEKAEQQKLTQEYLK,-0.0814745802430443,1,4,4,4,4
617,R34V,MISNAKIARINELAAKAKAGVITEEEKAEQQKLVQEYLK,0.2288071637516999,1,1,4,4,4
618,R34W,MISNAKIARINELAAKAKAGVITEEEKAEQQKLWQEYLK,0.9284051629339172,1,1,4,4,4
619,R34Y,MISNAKIARINELAAKAKAGVITEEEKAEQQKLYQEYLK,0.0291961654989738,1,0,4,4,4
620,R9A,MISNAKIAAINELAAKAKAGVITEEEKAEQQKLRQEYLK,-2.049355511225781,0,0,4,4,4
621,R9C,MISNAKIACINELAAKAKAGVITEEEKAEQQKLRQEYLK,-1.9980353512720128,0,1,4,4,4
622,R9D,MISNAKIADINELAAKAKAGVITEEEKAEQQKLRQEYLK,-2.383644240946641,0,4,4,4,4
623,R9E,MISNAKIAEINELAAKAKAGVITEEEKAEQQKLRQEYLK,-2.1275902152090125,0,4,4,4,4
624,R9F,MISNAKIAFINELAAKAKAGVITEEEKAEQQKLRQEYLK,-1.88405199908094,0,4,4,4,4
625,R9G,MISNAKIAGINELAAKAKAGVITEEEKAEQQKLRQEYLK,-2.491345816256566,0,0,4,4,4
626,R9H,MISNAKIAHINELAAKAKAGVITEEEKAEQQKLRQEYLK,-2.059237093591614,0,0,4,4,4
627,R9I,MISNAKIAIINELAAKAKAGVITEEEKAEQQKLRQEYLK,-1.7511988400611045,0,1,4,4,4
628,R9K,MISNAKIAKINELAAKAKAGVITEEEKAEQQKLRQEYLK,-1.2291047238291588,0,4,4,4,4
629,R9L,MISNAKIALINELAAKAKAGVITEEEKAEQQKLRQEYLK,-1.4446442262395802,0,2,4,4,4
630,R9M,MISNAKIAMINELAAKAKAGVITEEEKAEQQKLRQEYLK,-1.590060522105073,0,1,4,4,4
631,R9N,MISNAKIANINELAAKAKAGVITEEEKAEQQKLRQEYLK,-2.3863547112306653,0,3,4,4,4
632,R9P,MISNAKIAPINELAAKAKAGVITEEEKAEQQKLRQEYLK,-2.2370262397617777,0,1,4,4,4
633,R9Q,MISNAKIAQINELAAKAKAGVITEEEKAEQQKLRQEYLK,-1.8216539811599264,0,0,4,4,4
634,R9S,MISNAKIASINELAAKAKAGVITEEEKAEQQKLRQEYLK,-2.1904845423342407,0,1,4,4,4
635,R9T,MISNAKIATINELAAKAKAGVITEEEKAEQQKLRQEYLK,-1.8877823735208967,0,4,4,4,4
636,R9V,MISNAKIAVINELAAKAKAGVITEEEKAEQQKLRQEYLK,-1.950421764345949,0,0,4,4,4
637,R9W,MISNAKIAWINELAAKAKAGVITEEEKAEQQKLRQEYLK,-2.162567141169403,0,0,4,4,4
638,R9Y,MISNAKIAYINELAAKAKAGVITEEEKAEQQKLRQEYLK,-1.6682879272873137,0,2,4,4,4
639,S3A,MIANAKIARINELAAKAKAGVITEEEKAEQQKLRQEYLK,-0.1883014598064387,1,4,3,4,3
640,S3C,MICNAKIARINELAAKAKAGVITEEEKAEQQKLRQEYLK,0.234977319060547,1,4,3,4,3
641,S3D,MIDNAKIARINELAAKAKAGVITEEEKAEQQKLRQEYLK,-0.2924098103259185,1,3,3,4,3
642,S3E,MIENAKIARINELAAKAKAGVITEEEKAEQQKLRQEYLK,-0.2960345026309838,1,2,3,4,3
643,S3F,MIFNAKIARINELAAKAKAGVITEEEKAEQQKLRQEYLK,-1.0313169470250267,0,2,3,4,3
644,S3G,MIGNAKIARINELAAKAKAGVITEEEKAEQQKLRQEYLK,-0.1666793150306371,1,3,3,4,3
645,S3H,MIHNAKIARINELAAKAKAGVITEEEKAEQQKLRQEYLK,-0.35976914823751,1,1,3,4,3
646,S3I,MIINAKIARINELAAKAKAGVITEEEKAEQQKLRQEYLK,-0.2341347403152369,1,3,3,4,3
647,S3K,MIKNAKIARINELAAKAKAGVITEEEKAEQQKLRQEYLK,-0.254043256264024,1,3,3,4,3
648,S3L,MILNAKIARINELAAKAKAGVITEEEKAEQQKLRQEYLK,-0.3850484944787085,1,4,3,4,3
649,S3M,MIMNAKIARINELAAKAKAGVITEEEKAEQQKLRQEYLK,-0.3169658022007549,1,4,3,4,3
650,S3N,MINNAKIARINELAAKAKAGVITEEEKAEQQKLRQEYLK,-0.2254017815738378,1,1,3,4,3
651,S3P,MIPNAKIARINELAAKAKAGVITEEEKAEQQKLRQEYLK,-0.2131901345003917,1,2,3,4,3
652,S3Q,MIQNAKIARINELAAKAKAGVITEEEKAEQQKLRQEYLK,-0.1678318833243752,1,4,3,4,3
653,S3R,MIRNAKIARINELAAKAKAGVITEEEKAEQQKLRQEYLK,-0.5598156231199218,1,2,3,4,3
654,S3T,MITNAKIARINELAAKAKAGVITEEEKAEQQKLRQEYLK,-0.0485255684026042,1,1,3,4,3
655,S3V,MIVNAKIARINELAAKAKAGVITEEEKAEQQKLRQEYLK,-0.3167178297209689,1,1,3,4,3
656,S3W,MIWNAKIARINELAAKAKAGVITEEEKAEQQKLRQEYLK,-0.6335579361145505,1,4,3,4,3
657,S3Y,MIYNAKIARINELAAKAKAGVITEEEKAEQQKLRQEYLK,-0.9214568290907392,1,0,3,4,3
658,T23A,MISNAKIARINELAAKAKAGVIAEEEKAEQQKLRQEYLK,-1.7550911702065273,0,3,3,4,3
659,T23C,MISNAKIARINELAAKAKAGVICEEEKAEQQKLRQEYLK,-0.9730000933772216,1,2,3,4,3
660,T23D,MISNAKIARINELAAKAKAGVIDEEEKAEQQKLRQEYLK,-1.4116031228207548,0,3,3,4,3
661,T23E,MISNAKIARINELAAKAKAGVIEEEEKAEQQKLRQEYLK,-1.7861094430390076,0,1,3,4,3
662,T23F,MISNAKIARINELAAKAKAGVIFEEEKAEQQKLRQEYLK,-2.6893412721448686,0,0,3,4,3
663,T23G,MISNAKIARINELAAKAKAGVIGEEEKAEQQKLRQEYLK,-1.6143140462976824,0,2,3,4,3
664,T23H,MISNAKIARINELAAKAKAGVIHEEEKAEQQKLRQEYLK,-2.171528109761434,0,0,3,4,3
665,T23I,MISNAKIARINELAAKAKAGVIIEEEKAEQQKLRQEYLK,-2.0066692200379848,0,2,3,4,3
666,T23K,MISNAKIARINELAAKAKAGVIKEEEKAEQQKLRQEYLK,-1.5841231624776202,0,3,3,4,3
667,T23L,MISNAKIARINELAAKAKAGVILEEEKAEQQKLRQEYLK,-1.4731669564714402,0,2,3,4,3
668,T23M,MISNAKIARINELAAKAKAGVIMEEEKAEQQKLRQEYLK,-1.723633554541383,0,0,3,4,3
669,T23N,MISNAKIARINELAAKAKAGVINEEEKAEQQKLRQEYLK,-0.8084552652291205,1,0,3,4,3
670,T23P,MISNAKIARINELAAKAKAGVIPEEEKAEQQKLRQEYLK,-2.3932644145860955,0,1,3,4,3
671,T23Q,MISNAKIARINELAAKAKAGVIQEEEKAEQQKLRQEYLK,-1.85411084903856,0,2,3,4,3
672,T23R,MISNAKIARINELAAKAKAGVIREEEKAEQQKLRQEYLK,-1.5607905807016336,0,3,3,4,3
673,T23S,MISNAKIARINELAAKAKAGVISEEEKAEQQKLRQEYLK,-0.3048180411669958,1,4,3,4,3
674,T23V,MISNAKIARINELAAKAKAGVIVEEEKAEQQKLRQEYLK,-2.01789201558624,0,2,3,4,3
675,T23W,MISNAKIARINELAAKAKAGVIWEEEKAEQQKLRQEYLK,-2.4741495159276035,0,4,3,4,3
676,T23Y,MISNAKIARINELAAKAKAGVIYEEEKAEQQKLRQEYLK,-2.562482910119025,0,4,3,4,3
677,V21A,MISNAKIARINELAAKAKAGAITEEEKAEQQKLRQEYLK,-0.3837430896020026,1,1,1,4,1
678,V21C,MISNAKIARINELAAKAKAGCITEEEKAEQQKLRQEYLK,-0.2563111159985158,1,2,1,4,1
679,V21D,MISNAKIARINELAAKAKAGDITEEEKAEQQKLRQEYLK,-0.38411540009976,1,4,1,4,1
680,V21E,MISNAKIARINELAAKAKAGEITEEEKAEQQKLRQEYLK,-0.3750965907131256,1,1,1,4,1
681,V21F,MISNAKIARINELAAKAKAGFITEEEKAEQQKLRQEYLK,-0.45309244464383,1,1,1,4,1
682,V21G,MISNAKIARINELAAKAKAGGITEEEKAEQQKLRQEYLK,-0.5494421716812177,1,4,1,4,1
683,V21H,MISNAKIARINELAAKAKAGHITEEEKAEQQKLRQEYLK,-0.396901786545182,1,3,1,4,1
684,V21I,MISNAKIARINELAAKAKAGIITEEEKAEQQKLRQEYLK,0.1958680405534902,1,3,1,4,1
685,V21K,MISNAKIARINELAAKAKAGKITEEEKAEQQKLRQEYLK,-0.0526954859225079,1,4,1,4,1
686,V21L,MISNAKIARINELAAKAKAGLITEEEKAEQQKLRQEYLK,-0.1050399363164467,1,0,1,4,1
687,V21M,MISNAKIARINELAAKAKAGMITEEEKAEQQKLRQEYLK,-0.3097222906871124,1,2,1,4,1
688,V21N,MISNAKIARINELAAKAKAGNITEEEKAEQQKLRQEYLK,-0.083311313182671,1,4,1,4,1
689,V21P,MISNAKIARINELAAKAKAGPITEEEKAEQQKLRQEYLK,-1.0837715150710912,0,2,1,4,1
690,V21Q,MISNAKIARINELAAKAKAGQITEEEKAEQQKLRQEYLK,-0.0933112375744227,1,0,1,4,1
691,V21R,MISNAKIARINELAAKAKAGRITEEEKAEQQKLRQEYLK,-0.3104452688169785,1,3,1,4,1
692,V21S,MISNAKIARINELAAKAKAGSITEEEKAEQQKLRQEYLK,-0.0660269426046156,1,1,1,4,1
693,V21T,MISNAKIARINELAAKAKAGTITEEEKAEQQKLRQEYLK,0.2730231272252394,1,4,1,4,1
694,V21W,MISNAKIARINELAAKAKAGWITEEEKAEQQKLRQEYLK,-0.3923026682233752,1,3,1,4,1
695,V21Y,MISNAKIARINELAAKAKAGYITEEEKAEQQKLRQEYLK,-0.654382076821999,1,2,1,4,1
696,Y37A,MISNAKIARINELAAKAKAGVITEEEKAEQQKLRQEALK,-0.4045741266130451,1,1,2,4,2
697,Y37D,MISNAKIARINELAAKAKAGVITEEEKAEQQKLRQEDLK,-0.6082194390185987,1,2,2,4,2
698,Y37E,MISNAKIARINELAAKAKAGVITEEEKAEQQKLRQEELK,-0.6239329970425957,1,1,2,4,2
699,Y37F,MISNAKIARINELAAKAKAGVITEEEKAEQQKLRQEFLK,-0.1922870947279018,1,2,2,4,2
700,Y37G,MISNAKIARINELAAKAKAGVITEEEKAEQQKLRQEGLK,-0.4752986437448969,1,1,2,4,2
701,Y37H,MISNAKIARINELAAKAKAGVITEEEKAEQQKLRQEHLK,-0.6254679041558913,1,2,2,4,2
702,Y37I,MISNAKIARINELAAKAKAGVITEEEKAEQQKLRQEILK,0.0447828592306529,1,1,2,4,2
703,Y37K,MISNAKIARINELAAKAKAGVITEEEKAEQQKLRQEKLK,-0.9945179038937042,1,4,2,4,2
704,Y37L,MISNAKIARINELAAKAKAGVITEEEKAEQQKLRQELLK,0.0738204268031035,1,1,2,4,2
705,Y37M,MISNAKIARINELAAKAKAGVITEEEKAEQQKLRQEMLK,-0.0685220808309865,1,1,2,4,2
706,Y37N,MISNAKIARINELAAKAKAGVITEEEKAEQQKLRQENLK,-0.6418974736131209,1,4,2,4,2
707,Y37P,MISNAKIARINELAAKAKAGVITEEEKAEQQKLRQEPLK,-1.4386190001436931,0,4,2,4,2
708,Y37Q,MISNAKIARINELAAKAKAGVITEEEKAEQQKLRQEQLK,-0.3392820138229888,1,4,2,4,2
709,Y37R,MISNAKIARINELAAKAKAGVITEEEKAEQQKLRQERLK,-0.4537444418548473,1,2,2,4,2
710,Y37S,MISNAKIARINELAAKAKAGVITEEEKAEQQKLRQESLK,-0.6026862819194969,1,1,2,4,2
711,Y37T,MISNAKIARINELAAKAKAGVITEEEKAEQQKLRQETLK,-0.5706329262415659,1,3,2,4,2
712,Y37V,MISNAKIARINELAAKAKAGVITEEEKAEQQKLRQEVLK,-0.2830269521105033,1,4,2,4,2
713,Y37W,MISNAKIARINELAAKAKAGVITEEEKAEQQKLRQEWLK,0.2260243477809274,1,2,2,4,2
