mutant,sequence,DMS_score,DMS_score_bin,fold_random_5,fold_modulo_5,fold_contiguous_5
A16C,MRKLSDELLIESYFKCTEMNLNRDFIELIENEIKRRSLGHIISV,-0.5339349390188972,1,1,1,0
A16D,MRKLSDELLIESYFKDTEMNLNRDFIELIENEIKRRSLGHIISV,-2.151397379275424,0,3,1,0
A16E,MRKLSDELLIESYFKETEMNLNRDFIELIENEIKRRSLGHIISV,-0.8700782049019722,1,0,1,0
A16F,MRKLSDELLIESYFKFTEMNLNRDFIELIENEIKRRSLGHIISV,-0.3289538760383088,1,3,1,0
A16G,MRKLSDELLIESYFKGTEMNLNRDFIELIENEIKRRSLGHIISV,-0.961884870287196,1,4,1,0
A16H,MRKLSDELLIESYFKHTEMNLNRDFIELIENEIKRRSLGHIISV,-0.6585907029573632,1,0,1,0
A16I,MRKLSDELLIESYFKITEMNLNRDFIELIENEIKRRSLGHIISV,-0.7961238646685871,1,0,1,0
A16K,MRKLSDELLIESYFKKTEMNLNRDFIELIENEIKRRSLGHIISV,-1.3106613110658412,0,2,1,0
A16L,MRKLSDELLIESYFKLTEMNLNRDFIELIENEIKRRSLGHIISV,-0.7609528785189448,1,0,1,0
A16M,MRKLSDELLIESYFKMTEMNLNRDFIELIENEIKRRSLGHIISV,-0.6360854361928245,1,3,1,0
A16N,MRKLSDELLIESYFKNTEMNLNRDFIELIENEIKRRSLGHIISV,-1.2852820706888028,0,4,1,0
A16P,MRKLSDELLIESYFKPTEMNLNRDFIELIENEIKRRSLGHIISV,-2.051065533893645,0,4,1,0
A16Q,MRKLSDELLIESYFKQTEMNLNRDFIELIENEIKRRSLGHIISV,-0.897029711803627,1,1,1,0
A16R,MRKLSDELLIESYFKRTEMNLNRDFIELIENEIKRRSLGHIISV,-0.5799075808530096,1,1,1,0
A16S,MRKLSDELLIESYFKSTEMNLNRDFIELIENEIKRRSLGHIISV,-0.5378125399710001,1,3,1,0
A16T,MRKLSDELLIESYFKTTEMNLNRDFIELIENEIKRRSLGHIISV,-1.165579326168376,0,1,1,0
A16V,MRKLSDELLIESYFKVTEMNLNRDFIELIENEIKRRSLGHIISV,-0.792274863869245,1,4,1,0
A16W,MRKLSDELLIESYFKWTEMNLNRDFIELIENEIKRRSLGHIISV,-0.2544574387906806,1,4,1,0
A16Y,MRKLSDELLIESYFKYTEMNLNRDFIELIENEIKRRSLGHIISV,-0.3556712614485824,1,2,1,0
D24A,MRKLSDELLIESYFKATEMNLNRAFIELIENEIKRRSLGHIISV,0.1031136721709264,1,0,4,0
D24C,MRKLSDELLIESYFKATEMNLNRCFIELIENEIKRRSLGHIISV,-0.086483178029542,1,0,4,0
D24E,MRKLSDELLIESYFKATEMNLNREFIELIENEIKRRSLGHIISV,0.1362852217586025,1,1,4,0
D24F,MRKLSDELLIESYFKATEMNLNRFFIELIENEIKRRSLGHIISV,-0.156300311213736,1,3,4,0
D24G,MRKLSDELLIESYFKATEMNLNRGFIELIENEIKRRSLGHIISV,-0.131977763285378,1,0,4,0
D24H,MRKLSDELLIESYFKATEMNLNRHFIELIENEIKRRSLGHIISV,-0.1596385983740003,1,0,4,0
D24I,MRKLSDELLIESYFKATEMNLNRIFIELIENEIKRRSLGHIISV,-0.0821022514725999,1,4,4,0
D24K,MRKLSDELLIESYFKATEMNLNRKFIELIENEIKRRSLGHIISV,-0.1358786650681125,1,1,4,0
D24L,MRKLSDELLIESYFKATEMNLNRLFIELIENEIKRRSLGHIISV,-0.1244253769972498,1,3,4,0
D24M,MRKLSDELLIESYFKATEMNLNRMFIELIENEIKRRSLGHIISV,-0.1173268362885577,1,2,4,0
D24N,MRKLSDELLIESYFKATEMNLNRNFIELIENEIKRRSLGHIISV,-0.0996935058751313,1,3,4,0
D24P,MRKLSDELLIESYFKATEMNLNRPFIELIENEIKRRSLGHIISV,-0.3625161611318157,1,1,4,0
D24Q,MRKLSDELLIESYFKATEMNLNRQFIELIENEIKRRSLGHIISV,-0.0479628760071348,1,3,4,0
D24R,MRKLSDELLIESYFKATEMNLNRRFIELIENEIKRRSLGHIISV,-0.1348664049874171,1,0,4,0
D24S,MRKLSDELLIESYFKATEMNLNRSFIELIENEIKRRSLGHIISV,0.0176107459144114,1,3,4,0
D24T,MRKLSDELLIESYFKATEMNLNRTFIELIENEIKRRSLGHIISV,0.0188121219415053,1,1,4,0
D24V,MRKLSDELLIESYFKATEMNLNRVFIELIENEIKRRSLGHIISV,-0.1553759003503949,1,3,4,0
D24W,MRKLSDELLIESYFKATEMNLNRWFIELIENEIKRRSLGHIISV,0.2586982816097198,1,1,4,0
D24Y,MRKLSDELLIESYFKATEMNLNRYFIELIENEIKRRSLGHIISV,-0.0863335871899826,1,0,4,0
D6A,MRKLSAELLIESYFKATEMNLNRDFIELIENEIKRRSLGHIISV,-0.8294752559621277,1,4,1,0
D6C,MRKLSCELLIESYFKATEMNLNRDFIELIENEIKRRSLGHIISV,-0.4653282876368334,1,3,1,0
D6E,MRKLSEELLIESYFKATEMNLNRDFIELIENEIKRRSLGHIISV,-1.1795604196929768,0,0,1,0
D6F,MRKLSFELLIESYFKATEMNLNRDFIELIENEIKRRSLGHIISV,-0.8323688348782136,1,4,1,0
D6G,MRKLSGELLIESYFKATEMNLNRDFIELIENEIKRRSLGHIISV,-1.625489345752714,0,0,1,0
D6H,MRKLSHELLIESYFKATEMNLNRDFIELIENEIKRRSLGHIISV,-0.9856795563318838,1,4,1,0
D6I,MRKLSIELLIESYFKATEMNLNRDFIELIENEIKRRSLGHIISV,-0.5992670177120741,1,4,1,0
D6K,MRKLSKELLIESYFKATEMNLNRDFIELIENEIKRRSLGHIISV,-1.093674748037834,0,2,1,0
D6L,MRKLSLELLIESYFKATEMNLNRDFIELIENEIKRRSLGHIISV,-0.6020111109345905,1,4,1,0
D6M,MRKLSMELLIESYFKATEMNLNRDFIELIENEIKRRSLGHIISV,-0.753421855645086,1,4,1,0
D6N,MRKLSNELLIESYFKATEMNLNRDFIELIENEIKRRSLGHIISV,-0.066461545662022,1,0,1,0
D6P,MRKLSPELLIESYFKATEMNLNRDFIELIENEIKRRSLGHIISV,-1.4260289656039915,0,1,1,0
D6Q,MRKLSQELLIESYFKATEMNLNRDFIELIENEIKRRSLGHIISV,-1.064502511700678,0,4,1,0
D6R,MRKLSRELLIESYFKATEMNLNRDFIELIENEIKRRSLGHIISV,-1.102267454662611,0,4,1,0
D6S,MRKLSSELLIESYFKATEMNLNRDFIELIENEIKRRSLGHIISV,-0.7212851410752219,1,1,1,0
D6T,MRKLSTELLIESYFKATEMNLNRDFIELIENEIKRRSLGHIISV,-0.4002225584234152,1,4,1,0
D6V,MRKLSVELLIESYFKATEMNLNRDFIELIENEIKRRSLGHIISV,-0.6997942333870063,1,3,1,0
D6W,MRKLSWELLIESYFKATEMNLNRDFIELIENEIKRRSLGHIISV,-0.4433199096327547,1,3,1,0
D6Y,MRKLSYELLIESYFKATEMNLNRDFIELIENEIKRRSLGHIISV,-0.82347570730396,1,0,1,0
E11A,MRKLSDELLIASYFKATEMNLNRDFIELIENEIKRRSLGHIISV,0.3343618338579039,1,2,1,0
E11C,MRKLSDELLICSYFKATEMNLNRDFIELIENEIKRRSLGHIISV,0.3531066029113621,1,3,1,0
E11D,MRKLSDELLIDSYFKATEMNLNRDFIELIENEIKRRSLGHIISV,-0.2237136674644553,1,3,1,0
E11F,MRKLSDELLIFSYFKATEMNLNRDFIELIENEIKRRSLGHIISV,0.1830636088774264,1,4,1,0
E11G,MRKLSDELLIGSYFKATEMNLNRDFIELIENEIKRRSLGHIISV,-0.5360551913395355,1,4,1,0
E11H,MRKLSDELLIHSYFKATEMNLNRDFIELIENEIKRRSLGHIISV,-0.0041726680352001,1,3,1,0
E11I,MRKLSDELLIISYFKATEMNLNRDFIELIENEIKRRSLGHIISV,0.1159946627267274,1,3,1,0
E11K,MRKLSDELLIKSYFKATEMNLNRDFIELIENEIKRRSLGHIISV,0.0319054642279006,1,4,1,0
E11L,MRKLSDELLILSYFKATEMNLNRDFIELIENEIKRRSLGHIISV,0.3129691872047009,1,1,1,0
E11M,MRKLSDELLIMSYFKATEMNLNRDFIELIENEIKRRSLGHIISV,0.2742195186175191,1,3,1,0
E11N,MRKLSDELLINSYFKATEMNLNRDFIELIENEIKRRSLGHIISV,-0.2614226099711993,1,2,1,0
E11P,MRKLSDELLIPSYFKATEMNLNRDFIELIENEIKRRSLGHIISV,-1.9935494633457875,0,1,1,0
E11Q,MRKLSDELLIQSYFKATEMNLNRDFIELIENEIKRRSLGHIISV,0.2550691769941711,1,2,1,0
E11R,MRKLSDELLIRSYFKATEMNLNRDFIELIENEIKRRSLGHIISV,0.1552302374446577,1,2,1,0
E11S,MRKLSDELLISSYFKATEMNLNRDFIELIENEIKRRSLGHIISV,-0.1595714231183529,1,0,1,0
E11T,MRKLSDELLITSYFKATEMNLNRDFIELIENEIKRRSLGHIISV,-0.1812907945794082,1,4,1,0
E11V,MRKLSDELLIVSYFKATEMNLNRDFIELIENEIKRRSLGHIISV,-0.0716596055729255,1,2,1,0
E11W,MRKLSDELLIWSYFKATEMNLNRDFIELIENEIKRRSLGHIISV,0.557478349693068,1,3,1,0
E11Y,MRKLSDELLIYSYFKATEMNLNRDFIELIENEIKRRSLGHIISV,0.2865040082630208,1,3,1,0
E18A,MRKLSDELLIESYFKATAMNLNRDFIELIENEIKRRSLGHIISV,0.2842043978880149,1,1,3,0
E18C,MRKLSDELLIESYFKATCMNLNRDFIELIENEIKRRSLGHIISV,0.2416829698557041,1,3,3,0
E18D,MRKLSDELLIESYFKATDMNLNRDFIELIENEIKRRSLGHIISV,-0.3667421825052317,1,3,3,0
E18F,MRKLSDELLIESYFKATFMNLNRDFIELIENEIKRRSLGHIISV,-0.1828127429557482,1,0,3,0
E18G,MRKLSDELLIESYFKATGMNLNRDFIELIENEIKRRSLGHIISV,-0.1439444788801234,1,2,3,0
E18H,MRKLSDELLIESYFKATHMNLNRDFIELIENEIKRRSLGHIISV,0.0272093190978708,1,4,3,0
E18I,MRKLSDELLIESYFKATIMNLNRDFIELIENEIKRRSLGHIISV,-0.1103817578340624,1,1,3,0
E18K,MRKLSDELLIESYFKATKMNLNRDFIELIENEIKRRSLGHIISV,-0.0873363260036934,1,0,3,0
E18L,MRKLSDELLIESYFKATLMNLNRDFIELIENEIKRRSLGHIISV,-0.0698127311142062,1,2,3,0
E18M,MRKLSDELLIESYFKATMMNLNRDFIELIENEIKRRSLGHIISV,-0.0262287529187026,1,2,3,0
E18N,MRKLSDELLIESYFKATNMNLNRDFIELIENEIKRRSLGHIISV,-0.188691980710336,1,3,3,0
E18P,MRKLSDELLIESYFKATPMNLNRDFIELIENEIKRRSLGHIISV,-1.6744935890903256,0,3,3,0
E18Q,MRKLSDELLIESYFKATQMNLNRDFIELIENEIKRRSLGHIISV,0.1082570931840694,1,1,3,0
E18R,MRKLSDELLIESYFKATRMNLNRDFIELIENEIKRRSLGHIISV,0.0518955181481595,1,4,3,0
E18S,MRKLSDELLIESYFKATSMNLNRDFIELIENEIKRRSLGHIISV,0.1207068839755844,1,3,3,0
E18T,MRKLSDELLIESYFKATTMNLNRDFIELIENEIKRRSLGHIISV,-0.3552024347199878,1,4,3,0
E18V,MRKLSDELLIESYFKATVMNLNRDFIELIENEIKRRSLGHIISV,-0.2917698119037384,1,3,3,0
E18W,MRKLSDELLIESYFKATWMNLNRDFIELIENEIKRRSLGHIISV,-0.1735772893951179,1,4,3,0
E18Y,MRKLSDELLIESYFKATYMNLNRDFIELIENEIKRRSLGHIISV,-0.1705765674614454,1,3,3,0
E27A,MRKLSDELLIESYFKATEMNLNRDFIALIENEIKRRSLGHIISV,0.0595727691838057,1,3,2,0
E27C,MRKLSDELLIESYFKATEMNLNRDFICLIENEIKRRSLGHIISV,-0.235462572739217,1,3,2,0
E27D,MRKLSDELLIESYFKATEMNLNRDFIDLIENEIKRRSLGHIISV,-0.1268129052189874,1,3,2,0
E27F,MRKLSDELLIESYFKATEMNLNRDFIFLIENEIKRRSLGHIISV,-0.1544122687929801,1,4,2,0
E27G,MRKLSDELLIESYFKATEMNLNRDFIGLIENEIKRRSLGHIISV,-0.3880219805245897,1,0,2,0
E27H,MRKLSDELLIESYFKATEMNLNRDFIHLIENEIKRRSLGHIISV,-0.142398279891903,1,1,2,0
E27I,MRKLSDELLIESYFKATEMNLNRDFIILIENEIKRRSLGHIISV,0.0986128587761987,1,0,2,0
E27K,MRKLSDELLIESYFKATEMNLNRDFIKLIENEIKRRSLGHIISV,0.0621870940911848,1,4,2,0
E27L,MRKLSDELLIESYFKATEMNLNRDFILLIENEIKRRSLGHIISV,0.0991910666734061,1,1,2,0
E27M,MRKLSDELLIESYFKATEMNLNRDFIMLIENEIKRRSLGHIISV,0.1402624268245591,1,3,2,0
E27N,MRKLSDELLIESYFKATEMNLNRDFINLIENEIKRRSLGHIISV,-0.1238070256919021,1,0,2,0
E27P,MRKLSDELLIESYFKATEMNLNRDFIPLIENEIKRRSLGHIISV,-1.6211744808795572,0,1,2,0
E27Q,MRKLSDELLIESYFKATEMNLNRDFIQLIENEIKRRSLGHIISV,0.0474747863523163,1,0,2,0
E27R,MRKLSDELLIESYFKATEMNLNRDFIRLIENEIKRRSLGHIISV,0.00382584385417,1,4,2,0
E27S,MRKLSDELLIESYFKATEMNLNRDFISLIENEIKRRSLGHIISV,-0.0840116612858592,1,1,2,0
E27T,MRKLSDELLIESYFKATEMNLNRDFITLIENEIKRRSLGHIISV,0.0484953975003397,1,3,2,0
E27V,MRKLSDELLIESYFKATEMNLNRDFIVLIENEIKRRSLGHIISV,0.0447308969307291,1,2,2,0
E27W,MRKLSDELLIESYFKATEMNLNRDFIWLIENEIKRRSLGHIISV,-0.1050042320034196,1,3,2,0
E27Y,MRKLSDELLIESYFKATEMNLNRDFIYLIENEIKRRSLGHIISV,-0.1822301805252699,1,2,2,0
E30A,MRKLSDELLIESYFKATEMNLNRDFIELIANEIKRRSLGHIISV,0.0531523756162961,1,3,0,0
E30C,MRKLSDELLIESYFKATEMNLNRDFIELICNEIKRRSLGHIISV,-0.0851152782408188,1,4,0,0
E30D,MRKLSDELLIESYFKATEMNLNRDFIELIDNEIKRRSLGHIISV,-1.1689792336004898,0,1,0,0
E30F,MRKLSDELLIESYFKATEMNLNRDFIELIFNEIKRRSLGHIISV,0.1783460886343579,1,0,0,0
E30G,MRKLSDELLIESYFKATEMNLNRDFIELIGNEIKRRSLGHIISV,-0.5958075416704531,1,3,0,0
E30H,MRKLSDELLIESYFKATEMNLNRDFIELIHNEIKRRSLGHIISV,-0.2691870409769308,1,2,0,0
E30I,MRKLSDELLIESYFKATEMNLNRDFIELIINEIKRRSLGHIISV,0.379463292017228,1,1,0,0
E30K,MRKLSDELLIESYFKATEMNLNRDFIELIKNEIKRRSLGHIISV,0.1023659748571863,1,0,0,0
E30L,MRKLSDELLIESYFKATEMNLNRDFIELILNEIKRRSLGHIISV,0.2726235994811286,1,2,0,0
E30M,MRKLSDELLIESYFKATEMNLNRDFIELIMNEIKRRSLGHIISV,0.2595546965582369,1,2,0,0
E30N,MRKLSDELLIESYFKATEMNLNRDFIELINNEIKRRSLGHIISV,-0.748232912571607,1,1,0,0
E30P,MRKLSDELLIESYFKATEMNLNRDFIELIPNEIKRRSLGHIISV,-2.7373912339634456,0,4,0,0
E30Q,MRKLSDELLIESYFKATEMNLNRDFIELIQNEIKRRSLGHIISV,-0.327908396565344,1,4,0,0
E30R,MRKLSDELLIESYFKATEMNLNRDFIELIRNEIKRRSLGHIISV,0.105484415281468,1,4,0,0
E30S,MRKLSDELLIESYFKATEMNLNRDFIELISNEIKRRSLGHIISV,-0.1920638992623491,1,1,0,0
E30T,MRKLSDELLIESYFKATEMNLNRDFIELITNEIKRRSLGHIISV,0.0251720658399063,1,2,0,0
E30V,MRKLSDELLIESYFKATEMNLNRDFIELIVNEIKRRSLGHIISV,0.3493149964523772,1,1,0,0
E30W,MRKLSDELLIESYFKATEMNLNRDFIELIWNEIKRRSLGHIISV,0.311727696452432,1,4,0,0
E30Y,MRKLSDELLIESYFKATEMNLNRDFIELIYNEIKRRSLGHIISV,0.1570498994382583,1,3,0,0
E32A,MRKLSDELLIESYFKATEMNLNRDFIELIENAIKRRSLGHIISV,-2.086233836157559,0,1,2,0
E32C,MRKLSDELLIESYFKATEMNLNRDFIELIENCIKRRSLGHIISV,-1.846862843307911,0,3,2,0
E32D,MRKLSDELLIESYFKATEMNLNRDFIELIENDIKRRSLGHIISV,-2.5624620379369043,0,4,2,0
E32F,MRKLSDELLIESYFKATEMNLNRDFIELIENFIKRRSLGHIISV,-1.91045568005064,0,1,2,0
E32G,MRKLSDELLIESYFKATEMNLNRDFIELIENGIKRRSLGHIISV,-3.0772840515277373,0,1,2,0
E32H,MRKLSDELLIESYFKATEMNLNRDFIELIENHIKRRSLGHIISV,-2.368255048792024,0,3,2,0
E32I,MRKLSDELLIESYFKATEMNLNRDFIELIENIIKRRSLGHIISV,-1.828257833127236,0,0,2,0
E32K,MRKLSDELLIESYFKATEMNLNRDFIELIENKIKRRSLGHIISV,-3.043880596807949,0,3,2,0
E32L,MRKLSDELLIESYFKATEMNLNRDFIELIENLIKRRSLGHIISV,-1.736435442772807,0,4,2,0
E32M,MRKLSDELLIESYFKATEMNLNRDFIELIENMIKRRSLGHIISV,-1.8171523051065648,0,3,2,0
E32N,MRKLSDELLIESYFKATEMNLNRDFIELIENNIKRRSLGHIISV,-2.9530161541631275,0,0,2,0
E32P,MRKLSDELLIESYFKATEMNLNRDFIELIENPIKRRSLGHIISV,-3.537586856369409,0,4,2,0
E32Q,MRKLSDELLIESYFKATEMNLNRDFIELIENQIKRRSLGHIISV,-2.5097880177774483,0,1,2,0
E32R,MRKLSDELLIESYFKATEMNLNRDFIELIENRIKRRSLGHIISV,-2.8379906469320035,0,1,2,0
E32S,MRKLSDELLIESYFKATEMNLNRDFIELIENSIKRRSLGHIISV,-2.836368059749436,0,0,2,0
E32T,MRKLSDELLIESYFKATEMNLNRDFIELIENTIKRRSLGHIISV,-2.5472724037180936,0,4,2,0
E32V,MRKLSDELLIESYFKATEMNLNRDFIELIENVIKRRSLGHIISV,-2.1493367423783503,0,4,2,0
E32W,MRKLSDELLIESYFKATEMNLNRDFIELIENWIKRRSLGHIISV,-1.8945803507060883,0,1,2,0
E32Y,MRKLSDELLIESYFKATEMNLNRDFIELIENYIKRRSLGHIISV,-2.116136729324061,0,3,2,0
E7A,MRKLSDALLIESYFKATEMNLNRDFIELIENEIKRRSLGHIISV,0.1224308897109112,1,3,2,0
E7C,MRKLSDCLLIESYFKATEMNLNRDFIELIENEIKRRSLGHIISV,-0.2138580454322678,1,4,2,0
E7D,MRKLSDDLLIESYFKATEMNLNRDFIELIENEIKRRSLGHIISV,-0.060005972795555,1,0,2,0
E7F,MRKLSDFLLIESYFKATEMNLNRDFIELIENEIKRRSLGHIISV,-0.010286595249811,1,0,2,0
E7G,MRKLSDGLLIESYFKATEMNLNRDFIELIENEIKRRSLGHIISV,-0.4003694844433223,1,1,2,0
E7H,MRKLSDHLLIESYFKATEMNLNRDFIELIENEIKRRSLGHIISV,-0.038104589931212,1,2,2,0
E7I,MRKLSDILLIESYFKATEMNLNRDFIELIENEIKRRSLGHIISV,-0.1420844495752722,1,0,2,0
E7K,MRKLSDKLLIESYFKATEMNLNRDFIELIENEIKRRSLGHIISV,0.0814937442862797,1,2,2,0
E7L,MRKLSDLLLIESYFKATEMNLNRDFIELIENEIKRRSLGHIISV,-0.1123451083648845,1,3,2,0
E7M,MRKLSDMLLIESYFKATEMNLNRDFIELIENEIKRRSLGHIISV,-0.0587128546170316,1,1,2,0
E7N,MRKLSDNLLIESYFKATEMNLNRDFIELIENEIKRRSLGHIISV,-0.2802506256799626,1,3,2,0
E7P,MRKLSDPLLIESYFKATEMNLNRDFIELIENEIKRRSLGHIISV,-0.5894033583404172,1,0,2,0
E7Q,MRKLSDQLLIESYFKATEMNLNRDFIELIENEIKRRSLGHIISV,0.0169533401003629,1,3,2,0
E7R,MRKLSDRLLIESYFKATEMNLNRDFIELIENEIKRRSLGHIISV,-0.000735173889204,1,4,2,0
E7S,MRKLSDSLLIESYFKATEMNLNRDFIELIENEIKRRSLGHIISV,-0.1044681564151677,1,3,2,0
E7T,MRKLSDTLLIESYFKATEMNLNRDFIELIENEIKRRSLGHIISV,-0.193443701274024,1,2,2,0
E7V,MRKLSDVLLIESYFKATEMNLNRDFIELIENEIKRRSLGHIISV,-0.1574434289554016,1,2,2,0
E7W,MRKLSDWLLIESYFKATEMNLNRDFIELIENEIKRRSLGHIISV,0.0795838850210906,1,3,2,0
E7Y,MRKLSDYLLIESYFKATEMNLNRDFIELIENEIKRRSLGHIISV,-0.0297626448862615,1,0,2,0
F14A,MRKLSDELLIESYAKATEMNLNRDFIELIENEIKRRSLGHIISV,-0.6959952865448429,1,2,4,1
F14C,MRKLSDELLIESYCKATEMNLNRDFIELIENEIKRRSLGHIISV,-0.4035859444691621,1,1,4,1
F14D,MRKLSDELLIESYDKATEMNLNRDFIELIENEIKRRSLGHIISV,-1.3379819980153511,0,4,4,1
F14E,MRKLSDELLIESYEKATEMNLNRDFIELIENEIKRRSLGHIISV,-0.8944653516133503,1,0,4,1
F14G,MRKLSDELLIESYGKATEMNLNRDFIELIENEIKRRSLGHIISV,-1.163731455577369,0,1,4,1
F14H,MRKLSDELLIESYHKATEMNLNRDFIELIENEIKRRSLGHIISV,-0.292758427821564,1,0,4,1
F14I,MRKLSDELLIESYIKATEMNLNRDFIELIENEIKRRSLGHIISV,-0.0819580637812773,1,2,4,1
F14K,MRKLSDELLIESYKKATEMNLNRDFIELIENEIKRRSLGHIISV,-0.0943376633370949,1,0,4,1
F14L,MRKLSDELLIESYLKATEMNLNRDFIELIENEIKRRSLGHIISV,-0.1178898720467342,1,1,4,1
F14M,MRKLSDELLIESYMKATEMNLNRDFIELIENEIKRRSLGHIISV,-0.11888676256389,1,0,4,1
F14N,MRKLSDELLIESYNKATEMNLNRDFIELIENEIKRRSLGHIISV,-0.5684515311106999,1,2,4,1
F14P,MRKLSDELLIESYPKATEMNLNRDFIELIENEIKRRSLGHIISV,-3.1228603542072046,0,3,4,1
F14Q,MRKLSDELLIESYQKATEMNLNRDFIELIENEIKRRSLGHIISV,-0.5595572358682439,1,1,4,1
F14R,MRKLSDELLIESYRKATEMNLNRDFIELIENEIKRRSLGHIISV,0.014110564021732,1,3,4,1
F14S,MRKLSDELLIESYSKATEMNLNRDFIELIENEIKRRSLGHIISV,-0.866704636894184,1,2,4,1
F14T,MRKLSDELLIESYTKATEMNLNRDFIELIENEIKRRSLGHIISV,-0.4966264546112162,1,1,4,1
F14V,MRKLSDELLIESYVKATEMNLNRDFIELIENEIKRRSLGHIISV,-0.2899310549827878,1,3,4,1
F14W,MRKLSDELLIESYWKATEMNLNRDFIELIENEIKRRSLGHIISV,0.0985953173651124,1,1,4,1
F14Y,MRKLSDELLIESYYKATEMNLNRDFIELIENEIKRRSLGHIISV,0.1031311857990582,1,4,4,1
F25A,MRKLSDELLIESYFKATEMNLNRDAIELIENEIKRRSLGHIISV,-0.4444563527801231,1,3,0,1
F25C,MRKLSDELLIESYFKATEMNLNRDCIELIENEIKRRSLGHIISV,0.0476149642045937,1,3,0,1
F25D,MRKLSDELLIESYFKATEMNLNRDDIELIENEIKRRSLGHIISV,-0.5871664053683467,1,4,0,1
F25E,MRKLSDELLIESYFKATEMNLNRDEIELIENEIKRRSLGHIISV,-0.3735089222067209,1,2,0,1
F25G,MRKLSDELLIESYFKATEMNLNRDGIELIENEIKRRSLGHIISV,-1.1426913462777777,0,4,0,1
F25H,MRKLSDELLIESYFKATEMNLNRDHIELIENEIKRRSLGHIISV,-0.4946294364466488,1,1,0,1
F25I,MRKLSDELLIESYFKATEMNLNRDIIELIENEIKRRSLGHIISV,-0.0311869457396563,1,1,0,1
F25K,MRKLSDELLIESYFKATEMNLNRDKIELIENEIKRRSLGHIISV,-0.7910490050147496,1,1,0,1
F25L,MRKLSDELLIESYFKATEMNLNRDLIELIENEIKRRSLGHIISV,0.0895708006166615,1,2,0,1
F25M,MRKLSDELLIESYFKATEMNLNRDMIELIENEIKRRSLGHIISV,-0.0377358477695874,1,4,0,1
F25N,MRKLSDELLIESYFKATEMNLNRDNIELIENEIKRRSLGHIISV,-0.9844963806318828,1,0,0,1
F25P,MRKLSDELLIESYFKATEMNLNRDPIELIENEIKRRSLGHIISV,-2.1457714131909467,0,3,0,1
F25Q,MRKLSDELLIESYFKATEMNLNRDQIELIENEIKRRSLGHIISV,-0.3839089022012754,1,4,0,1
F25R,MRKLSDELLIESYFKATEMNLNRDRIELIENEIKRRSLGHIISV,-0.8216107242933797,1,1,0,1
F25S,MRKLSDELLIESYFKATEMNLNRDSIELIENEIKRRSLGHIISV,-0.713334450494044,1,4,0,1
F25T,MRKLSDELLIESYFKATEMNLNRDTIELIENEIKRRSLGHIISV,-0.3772541819153039,1,4,0,1
F25V,MRKLSDELLIESYFKATEMNLNRDVIELIENEIKRRSLGHIISV,-0.195513094352639,1,2,0,1
F25W,MRKLSDELLIESYFKATEMNLNRDWIELIENEIKRRSLGHIISV,0.157844569205896,1,3,0,1
F25Y,MRKLSDELLIESYFKATEMNLNRDYIELIENEIKRRSLGHIISV,0.1510893294114326,1,2,0,1
G39A,MRKLSDELLIESYFKATEMNLNRDFIELIENEIKRRSLAHIISV,-0.082470999168339,1,2,4,1
G39C,MRKLSDELLIESYFKATEMNLNRDFIELIENEIKRRSLCHIISV,0.4502928602841693,1,1,4,1
G39D,MRKLSDELLIESYFKATEMNLNRDFIELIENEIKRRSLDHIISV,-0.0659469236797076,1,2,4,1
G39E,MRKLSDELLIESYFKATEMNLNRDFIELIENEIKRRSLEHIISV,-0.0576933125134582,1,3,4,1
G39F,MRKLSDELLIESYFKATEMNLNRDFIELIENEIKRRSLFHIISV,0.3267850539143642,1,1,4,1
G39H,MRKLSDELLIESYFKATEMNLNRDFIELIENEIKRRSLHHIISV,0.0524302305438642,1,2,4,1
G39I,MRKLSDELLIESYFKATEMNLNRDFIELIENEIKRRSLIHIISV,-0.1181376655906056,1,1,4,1
G39K,MRKLSDELLIESYFKATEMNLNRDFIELIENEIKRRSLKHIISV,-0.3379035502424177,1,4,4,1
G39L,MRKLSDELLIESYFKATEMNLNRDFIELIENEIKRRSLLHIISV,0.0771802959813316,1,3,4,1
G39M,MRKLSDELLIESYFKATEMNLNRDFIELIENEIKRRSLMHIISV,0.2195169304617246,1,0,4,1
G39N,MRKLSDELLIESYFKATEMNLNRDFIELIENEIKRRSLNHIISV,-0.0989380090078428,1,0,4,1
G39P,MRKLSDELLIESYFKATEMNLNRDFIELIENEIKRRSLPHIISV,-0.7924466561715131,1,0,4,1
G39Q,MRKLSDELLIESYFKATEMNLNRDFIELIENEIKRRSLQHIISV,-0.0097330134524353,1,4,4,1
G39R,MRKLSDELLIESYFKATEMNLNRDFIELIENEIKRRSLRHIISV,-0.4605529085656399,1,2,4,1
G39S,MRKLSDELLIESYFKATEMNLNRDFIELIENEIKRRSLSHIISV,0.1573884176071378,1,4,4,1
G39T,MRKLSDELLIESYFKATEMNLNRDFIELIENEIKRRSLTHIISV,0.1343141360622972,1,0,4,1
G39V,MRKLSDELLIESYFKATEMNLNRDFIELIENEIKRRSLVHIISV,-0.2352756171112835,1,2,4,1
G39W,MRKLSDELLIESYFKATEMNLNRDFIELIENEIKRRSLWHIISV,0.6095348174946729,1,4,4,1
G39Y,MRKLSDELLIESYFKATEMNLNRDFIELIENEIKRRSLYHIISV,0.2773818704413582,1,2,4,1
H40A,MRKLSDELLIESYFKATEMNLNRDFIELIENEIKRRSLGAIISV,-0.2621085908612546,1,0,0,1
H40C,MRKLSDELLIESYFKATEMNLNRDFIELIENEIKRRSLGCIISV,-0.2992675070136128,1,3,0,1
H40D,MRKLSDELLIESYFKATEMNLNRDFIELIENEIKRRSLGDIISV,-0.4937389779750418,1,0,0,1
H40E,MRKLSDELLIESYFKATEMNLNRDFIELIENEIKRRSLGEIISV,-0.5792725859693011,1,0,0,1
H40F,MRKLSDELLIESYFKATEMNLNRDFIELIENEIKRRSLGFIISV,0.0545514369370265,1,1,0,1
H40G,MRKLSDELLIESYFKATEMNLNRDFIELIENEIKRRSLGGIISV,-0.3649663934170215,1,2,0,1
H40I,MRKLSDELLIESYFKATEMNLNRDFIELIENEIKRRSLGIIISV,-0.3475318528418656,1,1,0,1
H40K,MRKLSDELLIESYFKATEMNLNRDFIELIENEIKRRSLGKIISV,-0.578339411336263,1,4,0,1
H40L,MRKLSDELLIESYFKATEMNLNRDFIELIENEIKRRSLGLIISV,-0.3649440062767146,1,4,0,1
H40M,MRKLSDELLIESYFKATEMNLNRDFIELIENEIKRRSLGMIISV,-0.378121636640659,1,0,0,1
H40N,MRKLSDELLIESYFKATEMNLNRDFIELIENEIKRRSLGNIISV,-0.263829321913827,1,1,0,1
H40P,MRKLSDELLIESYFKATEMNLNRDFIELIENEIKRRSLGPIISV,-0.6200006220270948,1,1,0,1
H40Q,MRKLSDELLIESYFKATEMNLNRDFIELIENEIKRRSLGQIISV,-0.4939428284745539,1,3,0,1
H40R,MRKLSDELLIESYFKATEMNLNRDFIELIENEIKRRSLGRIISV,-0.4808535807482919,1,3,0,1
H40S,MRKLSDELLIESYFKATEMNLNRDFIELIENEIKRRSLGSIISV,-0.4397134395663116,1,0,0,1
H40T,MRKLSDELLIESYFKATEMNLNRDFIELIENEIKRRSLGTIISV,-0.569577950774506,1,4,0,1
H40V,MRKLSDELLIESYFKATEMNLNRDFIELIENEIKRRSLGVIISV,-0.5157238000754116,1,3,0,1
H40W,MRKLSDELLIESYFKATEMNLNRDFIELIENEIKRRSLGWIISV,0.1504702317479678,1,1,0,1
H40Y,MRKLSDELLIESYFKATEMNLNRDFIELIENEIKRRSLGYIISV,0.0467985054189994,1,1,0,1
I10A,MRKLSDELLAESYFKATEMNLNRDFIELIENEIKRRSLGHIISV,-1.2029866210887086,0,0,0,1
I10C,MRKLSDELLCESYFKATEMNLNRDFIELIENEIKRRSLGHIISV,-0.818867113526585,1,2,0,1
I10D,MRKLSDELLDESYFKATEMNLNRDFIELIENEIKRRSLGHIISV,-2.5924548431624306,0,2,0,1
I10E,MRKLSDELLEESYFKATEMNLNRDFIELIENEIKRRSLGHIISV,-1.6716044352033703,0,4,0,1
I10F,MRKLSDELLFESYFKATEMNLNRDFIELIENEIKRRSLGHIISV,-0.6552795837948082,1,0,0,1
I10G,MRKLSDELLGESYFKATEMNLNRDFIELIENEIKRRSLGHIISV,-1.9881202966710312,0,3,0,1
I10H,MRKLSDELLHESYFKATEMNLNRDFIELIENEIKRRSLGHIISV,-1.8096748011292785,0,4,0,1
I10K,MRKLSDELLKESYFKATEMNLNRDFIELIENEIKRRSLGHIISV,-1.2690016911625197,0,3,0,1
I10L,MRKLSDELLLESYFKATEMNLNRDFIELIENEIKRRSLGHIISV,-0.0398117998948679,1,0,0,1
I10M,MRKLSDELLMESYFKATEMNLNRDFIELIENEIKRRSLGHIISV,-0.4031522095217879,1,4,0,1
I10N,MRKLSDELLNESYFKATEMNLNRDFIELIENEIKRRSLGHIISV,-2.1375405114061423,0,4,0,1
I10P,MRKLSDELLPESYFKATEMNLNRDFIELIENEIKRRSLGHIISV,-3.1516318261620424,0,3,0,1
I10Q,MRKLSDELLQESYFKATEMNLNRDFIELIENEIKRRSLGHIISV,-1.4962709908432157,0,2,0,1
I10R,MRKLSDELLRESYFKATEMNLNRDFIELIENEIKRRSLGHIISV,-1.3185379176385696,0,2,0,1
I10S,MRKLSDELLSESYFKATEMNLNRDFIELIENEIKRRSLGHIISV,-1.7530802947316688,0,3,0,1
I10T,MRKLSDELLTESYFKATEMNLNRDFIELIENEIKRRSLGHIISV,-1.2869994255891726,0,1,0,1
I10V,MRKLSDELLVESYFKATEMNLNRDFIELIENEIKRRSLGHIISV,-0.3881332407233322,1,1,0,1
I10W,MRKLSDELLWESYFKATEMNLNRDFIELIENEIKRRSLGHIISV,-0.7476096228742115,1,4,0,1
I10Y,MRKLSDELLYESYFKATEMNLNRDFIELIENEIKRRSLGHIISV,-1.1894698908068513,0,3,0,1
I26A,MRKLSDELLIESYFKATEMNLNRDFAELIENEIKRRSLGHIISV,-1.3768794364590464,0,2,1,1
I26C,MRKLSDELLIESYFKATEMNLNRDFCELIENEIKRRSLGHIISV,-1.3995059174841793,0,0,1,1
I26D,MRKLSDELLIESYFKATEMNLNRDFDELIENEIKRRSLGHIISV,-2.593116512569816,0,1,1,1
I26E,MRKLSDELLIESYFKATEMNLNRDFEELIENEIKRRSLGHIISV,-2.032826970043928,0,0,1,1
I26F,MRKLSDELLIESYFKATEMNLNRDFFELIENEIKRRSLGHIISV,-0.8838506993405533,1,2,1,1
I26G,MRKLSDELLIESYFKATEMNLNRDFGELIENEIKRRSLGHIISV,-2.142341295789656,0,3,1,1
I26H,MRKLSDELLIESYFKATEMNLNRDFHELIENEIKRRSLGHIISV,-1.7484347536199527,0,1,1,1
I26K,MRKLSDELLIESYFKATEMNLNRDFKELIENEIKRRSLGHIISV,-1.1388192353666735,0,4,1,1
I26L,MRKLSDELLIESYFKATEMNLNRDFLELIENEIKRRSLGHIISV,-0.3034476397851549,1,0,1,1
I26M,MRKLSDELLIESYFKATEMNLNRDFMELIENEIKRRSLGHIISV,-0.4893559119478001,1,1,1,1
I26N,MRKLSDELLIESYFKATEMNLNRDFNELIENEIKRRSLGHIISV,-2.085894665006075,0,2,1,1
I26P,MRKLSDELLIESYFKATEMNLNRDFPELIENEIKRRSLGHIISV,-2.848250681586625,0,1,1,1
I26Q,MRKLSDELLIESYFKATEMNLNRDFQELIENEIKRRSLGHIISV,-1.179657865097092,0,1,1,1
I26R,MRKLSDELLIESYFKATEMNLNRDFRELIENEIKRRSLGHIISV,-0.8706353468378554,1,3,1,1
I26S,MRKLSDELLIESYFKATEMNLNRDFSELIENEIKRRSLGHIISV,-1.7992331181472538,0,3,1,1
I26T,MRKLSDELLIESYFKATEMNLNRDFTELIENEIKRRSLGHIISV,-1.1463765849911818,0,4,1,1
I26V,MRKLSDELLIESYFKATEMNLNRDFVELIENEIKRRSLGHIISV,-0.2994755282531804,1,3,1,1
I26W,MRKLSDELLIESYFKATEMNLNRDFWELIENEIKRRSLGHIISV,-1.026113897707,0,2,1,1
I26Y,MRKLSDELLIESYFKATEMNLNRDFYELIENEIKRRSLGHIISV,-1.1538559167579834,0,4,1,1
I29A,MRKLSDELLIESYFKATEMNLNRDFIELAENEIKRRSLGHIISV,-1.424477037850192,0,0,4,1
I29C,MRKLSDELLIESYFKATEMNLNRDFIELCENEIKRRSLGHIISV,-0.9695596495884766,1,4,4,1
I29D,MRKLSDELLIESYFKATEMNLNRDFIELDENEIKRRSLGHIISV,-3.637935731117018,0,3,4,1
I29E,MRKLSDELLIESYFKATEMNLNRDFIELEENEIKRRSLGHIISV,-3.6162673966913177,0,4,4,1
I29F,MRKLSDELLIESYFKATEMNLNRDFIELFENEIKRRSLGHIISV,-0.2134283310176798,1,4,4,1
I29G,MRKLSDELLIESYFKATEMNLNRDFIELGENEIKRRSLGHIISV,-3.1566567103700023,0,1,4,1
I29H,MRKLSDELLIESYFKATEMNLNRDFIELHENEIKRRSLGHIISV,-1.333441572485591,0,1,4,1
I29K,MRKLSDELLIESYFKATEMNLNRDFIELKENEIKRRSLGHIISV,-3.605320308300844,0,1,4,1
I29L,MRKLSDELLIESYFKATEMNLNRDFIELLENEIKRRSLGHIISV,0.1046341225977398,1,4,4,1
I29M,MRKLSDELLIESYFKATEMNLNRDFIELMENEIKRRSLGHIISV,-0.1929228144210579,1,3,4,1
I29N,MRKLSDELLIESYFKATEMNLNRDFIELNENEIKRRSLGHIISV,-3.174539544066701,0,2,4,1
I29P,MRKLSDELLIESYFKATEMNLNRDFIELPENEIKRRSLGHIISV,-4.286192125906721,0,2,4,1
I29Q,MRKLSDELLIESYFKATEMNLNRDFIELQENEIKRRSLGHIISV,-2.314906565759218,0,0,4,1
I29R,MRKLSDELLIESYFKATEMNLNRDFIELRENEIKRRSLGHIISV,-2.902973315613842,0,2,4,1
I29S,MRKLSDELLIESYFKATEMNLNRDFIELSENEIKRRSLGHIISV,-2.599427286150779,0,3,4,1
I29T,MRKLSDELLIESYFKATEMNLNRDFIELTENEIKRRSLGHIISV,-1.966316722435964,0,2,4,1
I29V,MRKLSDELLIESYFKATEMNLNRDFIELVENEIKRRSLGHIISV,-0.6686833964509322,1,4,4,1
I29W,MRKLSDELLIESYFKATEMNLNRDFIELWENEIKRRSLGHIISV,-1.0296794108955258,0,4,4,1
I29Y,MRKLSDELLIESYFKATEMNLNRDFIELYENEIKRRSLGHIISV,-0.3337062339352359,1,1,4,1
I33A,MRKLSDELLIESYFKATEMNLNRDFIELIENEAKRRSLGHIISV,-1.542085089174929,0,0,3,1
I33C,MRKLSDELLIESYFKATEMNLNRDFIELIENECKRRSLGHIISV,-1.2237756801721416,0,2,3,1
I33D,MRKLSDELLIESYFKATEMNLNRDFIELIENEDKRRSLGHIISV,-3.46263156117908,0,4,3,1
I33E,MRKLSDELLIESYFKATEMNLNRDFIELIENEEKRRSLGHIISV,-3.5186849568151497,0,2,3,1
I33F,MRKLSDELLIESYFKATEMNLNRDFIELIENEFKRRSLGHIISV,-0.7390786086954089,1,1,3,1
I33G,MRKLSDELLIESYFKATEMNLNRDFIELIENEGKRRSLGHIISV,-2.849820763933557,0,0,3,1
I33H,MRKLSDELLIESYFKATEMNLNRDFIELIENEHKRRSLGHIISV,-3.065156889840557,0,1,3,1
I33K,MRKLSDELLIESYFKATEMNLNRDFIELIENEKKRRSLGHIISV,-2.963433214337408,0,2,3,1
I33L,MRKLSDELLIESYFKATEMNLNRDFIELIENELKRRSLGHIISV,0.3577777580660721,1,2,3,1
I33M,MRKLSDELLIESYFKATEMNLNRDFIELIENEMKRRSLGHIISV,0.1280463810299017,1,1,3,1
I33N,MRKLSDELLIESYFKATEMNLNRDFIELIENENKRRSLGHIISV,-3.5959867879972696,0,3,3,1
I33P,MRKLSDELLIESYFKATEMNLNRDFIELIENEPKRRSLGHIISV,-3.7703433642052295,0,1,3,1
I33Q,MRKLSDELLIESYFKATEMNLNRDFIELIENEQKRRSLGHIISV,-3.0205603222020634,0,4,3,1
I33R,MRKLSDELLIESYFKATEMNLNRDFIELIENERKRRSLGHIISV,-2.9063920098854497,0,3,3,1
I33S,MRKLSDELLIESYFKATEMNLNRDFIELIENESKRRSLGHIISV,-2.840159585670401,0,3,3,1
I33T,MRKLSDELLIESYFKATEMNLNRDFIELIENETKRRSLGHIISV,-2.4002670845072025,0,2,3,1
I33V,MRKLSDELLIESYFKATEMNLNRDFIELIENEVKRRSLGHIISV,-0.6897813846508463,1,1,3,1
I33W,MRKLSDELLIESYFKATEMNLNRDFIELIENEWKRRSLGHIISV,-1.8330414204527965,0,1,3,1
I33Y,MRKLSDELLIESYFKATEMNLNRDFIELIENEYKRRSLGHIISV,-1.9187088756563944,0,4,3,1
I41A,MRKLSDELLIESYFKATEMNLNRDFIELIENEIKRRSLGHAISV,-0.0828813636358924,1,2,1,1
I41C,MRKLSDELLIESYFKATEMNLNRDFIELIENEIKRRSLGHCISV,-0.0839482214931104,1,4,1,1
I41D,MRKLSDELLIESYFKATEMNLNRDFIELIENEIKRRSLGHDISV,-1.040159483354417,0,3,1,1
I41E,MRKLSDELLIESYFKATEMNLNRDFIELIENEIKRRSLGHEISV,-0.5458108184110722,1,2,1,1
I41F,MRKLSDELLIESYFKATEMNLNRDFIELIENEIKRRSLGHFISV,0.0260251766947101,1,2,1,1
I41G,MRKLSDELLIESYFKATEMNLNRDFIELIENEIKRRSLGHGISV,-1.0564702870400926,0,2,1,1
I41H,MRKLSDELLIESYFKATEMNLNRDFIELIENEIKRRSLGHHISV,-0.1025477944049129,1,1,1,1
I41K,MRKLSDELLIESYFKATEMNLNRDFIELIENEIKRRSLGHKISV,-0.1760816624277792,1,2,1,1
I41L,MRKLSDELLIESYFKATEMNLNRDFIELIENEIKRRSLGHLISV,0.312622125546623,1,4,1,1
I41M,MRKLSDELLIESYFKATEMNLNRDFIELIENEIKRRSLGHMISV,0.1949006250250398,1,4,1,1
I41N,MRKLSDELLIESYFKATEMNLNRDFIELIENEIKRRSLGHNISV,-0.5681233437150182,1,4,1,1
I41P,MRKLSDELLIESYFKATEMNLNRDFIELIENEIKRRSLGHPISV,-0.9797448388122918,1,3,1,1
I41Q,MRKLSDELLIESYFKATEMNLNRDFIELIENEIKRRSLGHQISV,-0.3756238364511128,1,3,1,1
I41R,MRKLSDELLIESYFKATEMNLNRDFIELIENEIKRRSLGHRISV,-0.1350142175467796,1,3,1,1
I41S,MRKLSDELLIESYFKATEMNLNRDFIELIENEIKRRSLGHSISV,-0.5573998359201706,1,1,1,1
I41T,MRKLSDELLIESYFKATEMNLNRDFIELIENEIKRRSLGHTISV,-0.4470296059719048,1,2,1,1
I41V,MRKLSDELLIESYFKATEMNLNRDFIELIENEIKRRSLGHVISV,-0.0658736125353547,1,1,1,1
I41W,MRKLSDELLIESYFKATEMNLNRDFIELIENEIKRRSLGHWISV,-0.0494801261380901,1,3,1,1
I41Y,MRKLSDELLIESYFKATEMNLNRDFIELIENEIKRRSLGHYISV,-0.0881919957750057,1,1,1,1
I42A,MRKLSDELLIESYFKATEMNLNRDFIELIENEIKRRSLGHIASV,-0.798395031680875,1,2,2,2
I42C,MRKLSDELLIESYFKATEMNLNRDFIELIENEIKRRSLGHICSV,-0.7391862966149083,1,4,2,2
I42D,MRKLSDELLIESYFKATEMNLNRDFIELIENEIKRRSLGHIDSV,-1.2746171199139522,0,4,2,2
I42E,MRKLSDELLIESYFKATEMNLNRDFIELIENEIKRRSLGHIESV,-1.1872820487141986,0,3,2,2
I42F,MRKLSDELLIESYFKATEMNLNRDFIELIENEIKRRSLGHIFSV,-1.0330975756291307,0,1,2,2
I42G,MRKLSDELLIESYFKATEMNLNRDFIELIENEIKRRSLGHIGSV,-1.006718938472023,0,4,2,2
I42H,MRKLSDELLIESYFKATEMNLNRDFIELIENEIKRRSLGHIHSV,-0.94319371250297,1,1,2,2
I42K,MRKLSDELLIESYFKATEMNLNRDFIELIENEIKRRSLGHIKSV,-0.8458787931629672,1,4,2,2
I42L,MRKLSDELLIESYFKATEMNLNRDFIELIENEIKRRSLGHILSV,-0.1392818129288264,1,1,2,2
I42M,MRKLSDELLIESYFKATEMNLNRDFIELIENEIKRRSLGHIMSV,-0.6853281427741078,1,4,2,2
I42N,MRKLSDELLIESYFKATEMNLNRDFIELIENEIKRRSLGHINSV,-0.9942852986592424,1,1,2,2
I42P,MRKLSDELLIESYFKATEMNLNRDFIELIENEIKRRSLGHIPSV,-1.00918613485985,0,0,2,2
I42Q,MRKLSDELLIESYFKATEMNLNRDFIELIENEIKRRSLGHIQSV,-1.0276479747957867,0,2,2,2
I42R,MRKLSDELLIESYFKATEMNLNRDFIELIENEIKRRSLGHIRSV,-0.9372393755675384,1,1,2,2
I42S,MRKLSDELLIESYFKATEMNLNRDFIELIENEIKRRSLGHISSV,-0.9020926468631072,1,1,2,2
I42T,MRKLSDELLIESYFKATEMNLNRDFIELIENEIKRRSLGHITSV,-0.6652250726841689,1,3,2,2
I42V,MRKLSDELLIESYFKATEMNLNRDFIELIENEIKRRSLGHIVSV,-0.3120561201888394,1,1,2,2
I42W,MRKLSDELLIESYFKATEMNLNRDFIELIENEIKRRSLGHIWSV,-1.4463756021344674,0,1,2,2
I42Y,MRKLSDELLIESYFKATEMNLNRDFIELIENEIKRRSLGHIYSV,-1.818683425365376,0,3,2,2
K15A,MRKLSDELLIESYFAATEMNLNRDFIELIENEIKRRSLGHIISV,-0.1112902664654775,1,0,0,2
K15C,MRKLSDELLIESYFCATEMNLNRDFIELIENEIKRRSLGHIISV,0.1318005331914031,1,1,0,2
K15D,MRKLSDELLIESYFDATEMNLNRDFIELIENEIKRRSLGHIISV,-0.821798202237439,1,3,0,2
K15E,MRKLSDELLIESYFEATEMNLNRDFIELIENEIKRRSLGHIISV,-0.5823056891714202,1,2,0,2
K15F,MRKLSDELLIESYFFATEMNLNRDFIELIENEIKRRSLGHIISV,0.0946059068384448,1,4,0,2
K15G,MRKLSDELLIESYFGATEMNLNRDFIELIENEIKRRSLGHIISV,-0.7949681591697835,1,2,0,2
K15H,MRKLSDELLIESYFHATEMNLNRDFIELIENEIKRRSLGHIISV,0.0719208401532824,1,0,0,2
K15I,MRKLSDELLIESYFIATEMNLNRDFIELIENEIKRRSLGHIISV,-0.0420392540128324,1,2,0,2
K15L,MRKLSDELLIESYFLATEMNLNRDFIELIENEIKRRSLGHIISV,0.0911576714503121,1,4,0,2
K15M,MRKLSDELLIESYFMATEMNLNRDFIELIENEIKRRSLGHIISV,0.0209793744850133,1,0,0,2
K15N,MRKLSDELLIESYFNATEMNLNRDFIELIENEIKRRSLGHIISV,-0.1980999410298429,1,2,0,2
K15P,MRKLSDELLIESYFPATEMNLNRDFIELIENEIKRRSLGHIISV,-2.7721636368688327,0,2,0,2
K15Q,MRKLSDELLIESYFQATEMNLNRDFIELIENEIKRRSLGHIISV,-0.2365947345482202,1,1,0,2
K15R,MRKLSDELLIESYFRATEMNLNRDFIELIENEIKRRSLGHIISV,0.2757864361895379,1,0,0,2
K15S,MRKLSDELLIESYFSATEMNLNRDFIELIENEIKRRSLGHIISV,-0.2485300736125193,1,2,0,2
K15T,MRKLSDELLIESYFTATEMNLNRDFIELIENEIKRRSLGHIISV,-0.2611333440841159,1,4,0,2
K15V,MRKLSDELLIESYFVATEMNLNRDFIELIENEIKRRSLGHIISV,-0.2024179741795979,1,2,0,2
K15W,MRKLSDELLIESYFWATEMNLNRDFIELIENEIKRRSLGHIISV,0.3331695763898539,1,1,0,2
K15Y,MRKLSDELLIESYFYATEMNLNRDFIELIENEIKRRSLGHIISV,0.2265022012750446,1,4,0,2
K34A,MRKLSDELLIESYFKATEMNLNRDFIELIENEIARRSLGHIISV,-0.271349155313338,1,3,4,2
K34C,MRKLSDELLIESYFKATEMNLNRDFIELIENEICRRSLGHIISV,-0.3414213793235259,1,1,4,2
K34D,MRKLSDELLIESYFKATEMNLNRDFIELIENEIDRRSLGHIISV,-0.8243138573911559,1,2,4,2
K34E,MRKLSDELLIESYFKATEMNLNRDFIELIENEIERRSLGHIISV,-0.3886646944946359,1,1,4,2
K34F,MRKLSDELLIESYFKATEMNLNRDFIELIENEIFRRSLGHIISV,0.1609670838694241,1,1,4,2
K34G,MRKLSDELLIESYFKATEMNLNRDFIELIENEIGRRSLGHIISV,-0.8735992218928952,1,4,4,2
K34H,MRKLSDELLIESYFKATEMNLNRDFIELIENEIHRRSLGHIISV,-0.0499882545263212,1,0,4,2
K34I,MRKLSDELLIESYFKATEMNLNRDFIELIENEIIRRSLGHIISV,-0.0515170926991674,1,3,4,2
K34L,MRKLSDELLIESYFKATEMNLNRDFIELIENEILRRSLGHIISV,0.055649393385476,1,3,4,2
K34M,MRKLSDELLIESYFKATEMNLNRDFIELIENEIMRRSLGHIISV,0.039855681114794,1,0,4,2
K34N,MRKLSDELLIESYFKATEMNLNRDFIELIENEINRRSLGHIISV,-0.1218313097287198,1,1,4,2
K34P,MRKLSDELLIESYFKATEMNLNRDFIELIENEIPRRSLGHIISV,-3.2992042922899474,0,3,4,2
K34Q,MRKLSDELLIESYFKATEMNLNRDFIELIENEIQRRSLGHIISV,-0.1725958094881132,1,4,4,2
K34R,MRKLSDELLIESYFKATEMNLNRDFIELIENEIRRRSLGHIISV,0.1935797590328736,1,2,4,2
K34S,MRKLSDELLIESYFKATEMNLNRDFIELIENEISRRSLGHIISV,-0.4664047605865793,1,4,4,2
K34T,MRKLSDELLIESYFKATEMNLNRDFIELIENEITRRSLGHIISV,-0.333327540453034,1,4,4,2
K34V,MRKLSDELLIESYFKATEMNLNRDFIELIENEIVRRSLGHIISV,-0.2597703618309328,1,2,4,2
K34W,MRKLSDELLIESYFKATEMNLNRDFIELIENEIWRRSLGHIISV,0.0711587514794298,1,2,4,2
K34Y,MRKLSDELLIESYFKATEMNLNRDFIELIENEIYRRSLGHIISV,0.1861102308664897,1,4,4,2
K3A,MRALSDELLIESYFKATEMNLNRDFIELIENEIKRRSLGHIISV,0.0124371843854058,1,3,3,2
K3C,MRCLSDELLIESYFKATEMNLNRDFIELIENEIKRRSLGHIISV,-0.0889474849213822,1,3,3,2
K3D,MRDLSDELLIESYFKATEMNLNRDFIELIENEIKRRSLGHIISV,0.4625853528096701,1,4,3,2
K3E,MRELSDELLIESYFKATEMNLNRDFIELIENEIKRRSLGHIISV,0.3974904990872199,1,2,3,2
K3F,MRFLSDELLIESYFKATEMNLNRDFIELIENEIKRRSLGHIISV,-0.121923147342692,1,4,3,2
K3G,MRGLSDELLIESYFKATEMNLNRDFIELIENEIKRRSLGHIISV,0.2095883680274091,1,1,3,2
K3H,MRHLSDELLIESYFKATEMNLNRDFIELIENEIKRRSLGHIISV,0.2107079803005969,1,1,3,2
K3I,MRILSDELLIESYFKATEMNLNRDFIELIENEIKRRSLGHIISV,-0.412694230129623,1,1,3,2
K3L,MRLLSDELLIESYFKATEMNLNRDFIELIENEIKRRSLGHIISV,0.0415244289595069,1,1,3,2
K3M,MRMLSDELLIESYFKATEMNLNRDFIELIENEIKRRSLGHIISV,-0.12628895674204,1,2,3,2
K3N,MRNLSDELLIESYFKATEMNLNRDFIELIENEIKRRSLGHIISV,0.379629390853009,1,1,3,2
K3P,MRPLSDELLIESYFKATEMNLNRDFIELIENEIKRRSLGHIISV,-1.3770970692819136,0,1,3,2
K3Q,MRQLSDELLIESYFKATEMNLNRDFIELIENEIKRRSLGHIISV,0.220919791070357,1,2,3,2
K3R,MRRLSDELLIESYFKATEMNLNRDFIELIENEIKRRSLGHIISV,-0.3069119203899548,1,0,3,2
K3S,MRSLSDELLIESYFKATEMNLNRDFIELIENEIKRRSLGHIISV,0.150890045700696,1,3,3,2
K3T,MRTLSDELLIESYFKATEMNLNRDFIELIENEIKRRSLGHIISV,0.1524481548655001,1,3,3,2
K3V,MRVLSDELLIESYFKATEMNLNRDFIELIENEIKRRSLGHIISV,-0.2601932200929759,1,1,3,2
K3W,MRWLSDELLIESYFKATEMNLNRDFIELIENEIKRRSLGHIISV,-0.0632754325434445,1,1,3,2
K3Y,MRYLSDELLIESYFKATEMNLNRDFIELIENEIKRRSLGHIISV,-0.325107140703488,1,1,3,2
L21A,MRKLSDELLIESYFKATEMNANRDFIELIENEIKRRSLGHIISV,0.0064761022800912,1,0,1,2
L21C,MRKLSDELLIESYFKATEMNCNRDFIELIENEIKRRSLGHIISV,-0.0678320433326478,1,4,1,2
L21D,MRKLSDELLIESYFKATEMNDNRDFIELIENEIKRRSLGHIISV,-0.5770302303787513,1,0,1,2
L21E,MRKLSDELLIESYFKATEMNENRDFIELIENEIKRRSLGHIISV,-0.4051919692715993,1,2,1,2
L21F,MRKLSDELLIESYFKATEMNFNRDFIELIENEIKRRSLGHIISV,-0.0611251208907361,1,3,1,2
L21G,MRKLSDELLIESYFKATEMNGNRDFIELIENEIKRRSLGHIISV,-0.4797635858936906,1,1,1,2
L21H,MRKLSDELLIESYFKATEMNHNRDFIELIENEIKRRSLGHIISV,-0.4816951991192351,1,3,1,2
L21I,MRKLSDELLIESYFKATEMNINRDFIELIENEIKRRSLGHIISV,-0.2895188840493605,1,0,1,2
L21K,MRKLSDELLIESYFKATEMNKNRDFIELIENEIKRRSLGHIISV,-0.4458149682590959,1,1,1,2
L21M,MRKLSDELLIESYFKATEMNMNRDFIELIENEIKRRSLGHIISV,0.0639764167527383,1,3,1,2
L21N,MRKLSDELLIESYFKATEMNNNRDFIELIENEIKRRSLGHIISV,-0.4728891859142918,1,4,1,2
L21P,MRKLSDELLIESYFKATEMNPNRDFIELIENEIKRRSLGHIISV,-1.213108622485207,0,2,1,2
L21Q,MRKLSDELLIESYFKATEMNQNRDFIELIENEIKRRSLGHIISV,-0.3781139688558679,1,1,1,2
L21R,MRKLSDELLIESYFKATEMNRNRDFIELIENEIKRRSLGHIISV,-0.3545426420240183,1,1,1,2
L21S,MRKLSDELLIESYFKATEMNSNRDFIELIENEIKRRSLGHIISV,-0.2368070732930158,1,4,1,2
L21T,MRKLSDELLIESYFKATEMNTNRDFIELIENEIKRRSLGHIISV,-0.4432481249147058,1,1,1,2
L21V,MRKLSDELLIESYFKATEMNVNRDFIELIENEIKRRSLGHIISV,-0.2254001404520771,1,3,1,2
L21W,MRKLSDELLIESYFKATEMNWNRDFIELIENEIKRRSLGHIISV,-0.0053836140081626,1,1,1,2
L21Y,MRKLSDELLIESYFKATEMNYNRDFIELIENEIKRRSLGHIISV,-0.0121193103332353,1,1,1,2
L28A,MRKLSDELLIESYFKATEMNLNRDFIEAIENEIKRRSLGHIISV,0.0104872061018603,1,4,3,2
L28C,MRKLSDELLIESYFKATEMNLNRDFIECIENEIKRRSLGHIISV,-0.641940707186063,1,1,3,2
L28D,MRKLSDELLIESYFKATEMNLNRDFIEDIENEIKRRSLGHIISV,-0.686330161376596,1,1,3,2
L28E,MRKLSDELLIESYFKATEMNLNRDFIEEIENEIKRRSLGHIISV,-0.248385866212768,1,1,3,2
L28F,MRKLSDELLIESYFKATEMNLNRDFIEFIENEIKRRSLGHIISV,-0.6948304997215846,1,4,3,2
L28G,MRKLSDELLIESYFKATEMNLNRDFIEGIENEIKRRSLGHIISV,-1.0035706919060452,0,4,3,2
L28H,MRKLSDELLIESYFKATEMNLNRDFIEHIENEIKRRSLGHIISV,-0.7859945328034863,1,3,3,2
L28I,MRKLSDELLIESYFKATEMNLNRDFIEIIENEIKRRSLGHIISV,-0.0276543659047776,1,4,3,2
L28K,MRKLSDELLIESYFKATEMNLNRDFIEKIENEIKRRSLGHIISV,-0.5428077250388039,1,4,3,2
L28M,MRKLSDELLIESYFKATEMNLNRDFIEMIENEIKRRSLGHIISV,0.1084395348701985,1,1,3,2
L28N,MRKLSDELLIESYFKATEMNLNRDFIENIENEIKRRSLGHIISV,-0.7543528338427841,1,3,3,2
L28P,MRKLSDELLIESYFKATEMNLNRDFIEPIENEIKRRSLGHIISV,-1.003189525939702,0,1,3,2
L28Q,MRKLSDELLIESYFKATEMNLNRDFIEQIENEIKRRSLGHIISV,-0.223349788882047,1,3,3,2
L28R,MRKLSDELLIESYFKATEMNLNRDFIERIENEIKRRSLGHIISV,-0.668549472121859,1,2,3,2
L28S,MRKLSDELLIESYFKATEMNLNRDFIESIENEIKRRSLGHIISV,-0.4897454445018829,1,1,3,2
L28T,MRKLSDELLIESYFKATEMNLNRDFIETIENEIKRRSLGHIISV,-0.4369529105491758,1,3,3,2
L28V,MRKLSDELLIESYFKATEMNLNRDFIEVIENEIKRRSLGHIISV,-0.1454617033943255,1,2,3,2
L28W,MRKLSDELLIESYFKATEMNLNRDFIEWIENEIKRRSLGHIISV,-0.8603103259549556,1,2,3,2
L28Y,MRKLSDELLIESYFKATEMNLNRDFIEYIENEIKRRSLGHIISV,-0.900795066185311,1,0,3,2
L38A,MRKLSDELLIESYFKATEMNLNRDFIELIENEIKRRSAGHIISV,-1.7657784338891802,0,0,3,2
L38C,MRKLSDELLIESYFKATEMNLNRDFIELIENEIKRRSCGHIISV,-1.2839583148807154,0,0,3,2
L38D,MRKLSDELLIESYFKATEMNLNRDFIELIENEIKRRSDGHIISV,-2.116435170869393,0,2,3,2
L38E,MRKLSDELLIESYFKATEMNLNRDFIELIENEIKRRSEGHIISV,-1.977083759287146,0,3,3,2
L38F,MRKLSDELLIESYFKATEMNLNRDFIELIENEIKRRSFGHIISV,-0.9379603885621934,1,3,3,2
L38G,MRKLSDELLIESYFKATEMNLNRDFIELIENEIKRRSGGHIISV,-1.820855753187533,0,4,3,2
L38H,MRKLSDELLIESYFKATEMNLNRDFIELIENEIKRRSHGHIISV,-1.7482402056566235,0,1,3,2
L38I,MRKLSDELLIESYFKATEMNLNRDFIELIENEIKRRSIGHIISV,-0.7508691020976399,1,2,3,2
L38K,MRKLSDELLIESYFKATEMNLNRDFIELIENEIKRRSKGHIISV,-1.5225013784568024,0,4,3,2
L38M,MRKLSDELLIESYFKATEMNLNRDFIELIENEIKRRSMGHIISV,-0.4347203746683279,1,2,3,2
L38N,MRKLSDELLIESYFKATEMNLNRDFIELIENEIKRRSNGHIISV,-1.870711140752416,0,0,3,2
L38P,MRKLSDELLIESYFKATEMNLNRDFIELIENEIKRRSPGHIISV,-2.101249906763873,0,2,3,2
L38Q,MRKLSDELLIESYFKATEMNLNRDFIELIENEIKRRSQGHIISV,-1.6025497179489323,0,0,3,2
L38R,MRKLSDELLIESYFKATEMNLNRDFIELIENEIKRRSRGHIISV,-1.7067467166150392,0,0,3,2
L38S,MRKLSDELLIESYFKATEMNLNRDFIELIENEIKRRSSGHIISV,-1.904885256829176,0,3,3,2
L38T,MRKLSDELLIESYFKATEMNLNRDFIELIENEIKRRSTGHIISV,-1.984376753937182,0,0,3,2
L38V,MRKLSDELLIESYFKATEMNLNRDFIELIENEIKRRSVGHIISV,-1.595399661498202,0,4,3,2
L38W,MRKLSDELLIESYFKATEMNLNRDFIELIENEIKRRSWGHIISV,-1.5580680596214864,0,1,3,2
L38Y,MRKLSDELLIESYFKATEMNLNRDFIELIENEIKRRSYGHIISV,-1.101701359434435,0,3,3,2
L4A,MRKASDELLIESYFKATEMNLNRDFIELIENEIKRRSLGHIISV,-0.903906822048548,1,3,4,2
L4C,MRKCSDELLIESYFKATEMNLNRDFIELIENEIKRRSLGHIISV,-0.3901511492736675,1,3,4,2
L4D,MRKDSDELLIESYFKATEMNLNRDFIELIENEIKRRSLGHIISV,-2.0527901059015856,0,1,4,2
L4E,MRKESDELLIESYFKATEMNLNRDFIELIENEIKRRSLGHIISV,-1.7810475367095415,0,2,4,2
L4F,MRKFSDELLIESYFKATEMNLNRDFIELIENEIKRRSLGHIISV,-0.2264808390756112,1,3,4,2
L4G,MRKGSDELLIESYFKATEMNLNRDFIELIENEIKRRSLGHIISV,-1.9919823265310548,0,0,4,2
L4H,MRKHSDELLIESYFKATEMNLNRDFIELIENEIKRRSLGHIISV,-1.1991262738320725,0,2,4,2
L4I,MRKISDELLIESYFKATEMNLNRDFIELIENEIKRRSLGHIISV,-0.4500441987057901,1,3,4,2
L4K,MRKKSDELLIESYFKATEMNLNRDFIELIENEIKRRSLGHIISV,-1.133321801550879,0,3,4,2
L4M,MRKMSDELLIESYFKATEMNLNRDFIELIENEIKRRSLGHIISV,0.1875528123578806,1,4,4,2
L4N,MRKNSDELLIESYFKATEMNLNRDFIELIENEIKRRSLGHIISV,-1.7790020475869597,0,4,4,2
L4P,MRKPSDELLIESYFKATEMNLNRDFIELIENEIKRRSLGHIISV,-2.277599824289785,0,4,4,2
L4Q,MRKQSDELLIESYFKATEMNLNRDFIELIENEIKRRSLGHIISV,-0.9100631148643216,1,3,4,2
L4R,MRKRSDELLIESYFKATEMNLNRDFIELIENEIKRRSLGHIISV,-1.4304187684557492,0,3,4,2
L4S,MRKSSDELLIESYFKATEMNLNRDFIELIENEIKRRSLGHIISV,-1.2878913938568903,0,4,4,2
L4T,MRKTSDELLIESYFKATEMNLNRDFIELIENEIKRRSLGHIISV,-1.269564208158969,0,0,4,2
L4V,MRKVSDELLIESYFKATEMNLNRDFIELIENEIKRRSLGHIISV,-0.6498805672796983,1,4,4,2
L4W,MRKWSDELLIESYFKATEMNLNRDFIELIENEIKRRSLGHIISV,1.1957504095168794,1,3,4,2
L4Y,MRKYSDELLIESYFKATEMNLNRDFIELIENEIKRRSLGHIISV,-0.22757964695248,1,3,4,2
L8A,MRKLSDEALIESYFKATEMNLNRDFIELIENEIKRRSLGHIISV,0.292417758374988,1,1,3,2
L8C,MRKLSDECLIESYFKATEMNLNRDFIELIENEIKRRSLGHIISV,0.0683107112493579,1,0,3,2
L8D,MRKLSDEDLIESYFKATEMNLNRDFIELIENEIKRRSLGHIISV,0.3323429999931901,1,2,3,2
L8E,MRKLSDEELIESYFKATEMNLNRDFIELIENEIKRRSLGHIISV,0.5118621254785101,1,0,3,2
L8F,MRKLSDEFLIESYFKATEMNLNRDFIELIENEIKRRSLGHIISV,-0.2467235352436461,1,4,3,2
L8G,MRKLSDEGLIESYFKATEMNLNRDFIELIENEIKRRSLGHIISV,-0.273903818063073,1,4,3,2
L8H,MRKLSDEHLIESYFKATEMNLNRDFIELIENEIKRRSLGHIISV,-0.0913231840283774,1,0,3,2
L8I,MRKLSDEILIESYFKATEMNLNRDFIELIENEIKRRSLGHIISV,-0.1322205036705197,1,1,3,2
L8K,MRKLSDEKLIESYFKATEMNLNRDFIELIENEIKRRSLGHIISV,0.1645521041426612,1,1,3,2
L8M,MRKLSDEMLIESYFKATEMNLNRDFIELIENEIKRRSLGHIISV,0.0633221134779544,1,2,3,2
L8N,MRKLSDENLIESYFKATEMNLNRDFIELIENEIKRRSLGHIISV,-0.179714463847179,1,4,3,2
L8P,MRKLSDEPLIESYFKATEMNLNRDFIELIENEIKRRSLGHIISV,-1.954280545455649,0,3,3,2
L8Q,MRKLSDEQLIESYFKATEMNLNRDFIELIENEIKRRSLGHIISV,0.299423289828487,1,2,3,2
L8R,MRKLSDERLIESYFKATEMNLNRDFIELIENEIKRRSLGHIISV,-0.0814080691750329,1,0,3,2
L8S,MRKLSDESLIESYFKATEMNLNRDFIELIENEIKRRSLGHIISV,-0.0422624948742078,1,1,3,2
L8T,MRKLSDETLIESYFKATEMNLNRDFIELIENEIKRRSLGHIISV,-0.1044409900104073,1,2,3,2
L8V,MRKLSDEVLIESYFKATEMNLNRDFIELIENEIKRRSLGHIISV,0.0547171901742271,1,3,3,2
L8W,MRKLSDEWLIESYFKATEMNLNRDFIELIENEIKRRSLGHIISV,-0.2322979662197681,1,1,3,2
L8Y,MRKLSDEYLIESYFKATEMNLNRDFIELIENEIKRRSLGHIISV,-0.307171021072246,1,3,3,2
L9A,MRKLSDELAIESYFKATEMNLNRDFIELIENEIKRRSLGHIISV,-2.574109005250361,0,3,4,3
L9C,MRKLSDELCIESYFKATEMNLNRDFIELIENEIKRRSLGHIISV,-2.0273981156129186,0,1,4,3
L9D,MRKLSDELDIESYFKATEMNLNRDFIELIENEIKRRSLGHIISV,-2.4961515519109216,0,3,4,3
L9E,MRKLSDELEIESYFKATEMNLNRDFIELIENEIKRRSLGHIISV,-3.033915947872553,0,2,4,3
L9F,MRKLSDELFIESYFKATEMNLNRDFIELIENEIKRRSLGHIISV,-1.619107973402715,0,1,4,3
L9G,MRKLSDELGIESYFKATEMNLNRDFIELIENEIKRRSLGHIISV,-2.387557861206397,0,1,4,3
L9H,MRKLSDELHIESYFKATEMNLNRDFIELIENEIKRRSLGHIISV,-2.7184748938526653,0,1,4,3
L9I,MRKLSDELIIESYFKATEMNLNRDFIELIENEIKRRSLGHIISV,-0.824113642837395,1,4,4,3
L9K,MRKLSDELKIESYFKATEMNLNRDFIELIENEIKRRSLGHIISV,-2.4100555352677384,0,4,4,3
L9M,MRKLSDELMIESYFKATEMNLNRDFIELIENEIKRRSLGHIISV,-1.8042321963413643,0,1,4,3
L9N,MRKLSDELNIESYFKATEMNLNRDFIELIENEIKRRSLGHIISV,-2.8915151837579693,0,2,4,3
L9P,MRKLSDELPIESYFKATEMNLNRDFIELIENEIKRRSLGHIISV,-3.477067134012142,0,3,4,3
L9Q,MRKLSDELQIESYFKATEMNLNRDFIELIENEIKRRSLGHIISV,-2.612971916950734,0,2,4,3
L9R,MRKLSDELRIESYFKATEMNLNRDFIELIENEIKRRSLGHIISV,-2.432967544979832,0,4,4,3
L9S,MRKLSDELSIESYFKATEMNLNRDFIELIENEIKRRSLGHIISV,-2.739729662452421,0,3,4,3
L9T,MRKLSDELTIESYFKATEMNLNRDFIELIENEIKRRSLGHIISV,-2.6139713296546168,0,4,4,3
L9V,MRKLSDELVIESYFKATEMNLNRDFIELIENEIKRRSLGHIISV,-1.1597577041754974,0,3,4,3
L9W,MRKLSDELWIESYFKATEMNLNRDFIELIENEIKRRSLGHIISV,-2.0802442124081164,0,1,4,3
L9Y,MRKLSDELYIESYFKATEMNLNRDFIELIENEIKRRSLGHIISV,-2.4173370557524705,0,1,4,3
M19A,MRKLSDELLIESYFKATEANLNRDFIELIENEIKRRSLGHIISV,-0.2094593102006037,1,1,4,3
M19C,MRKLSDELLIESYFKATECNLNRDFIELIENEIKRRSLGHIISV,-0.2342135451113938,1,3,4,3
M19D,MRKLSDELLIESYFKATEDNLNRDFIELIENEIKRRSLGHIISV,-0.4357374400441078,1,0,4,3
M19E,MRKLSDELLIESYFKATEENLNRDFIELIENEIKRRSLGHIISV,-0.3345810895395651,1,1,4,3
M19F,MRKLSDELLIESYFKATEFNLNRDFIELIENEIKRRSLGHIISV,-0.3974974131906226,1,2,4,3
M19G,MRKLSDELLIESYFKATEGNLNRDFIELIENEIKRRSLGHIISV,-0.3964371350824853,1,1,4,3
M19H,MRKLSDELLIESYFKATEHNLNRDFIELIENEIKRRSLGHIISV,-0.4236082549154929,1,4,4,3
M19I,MRKLSDELLIESYFKATEINLNRDFIELIENEIKRRSLGHIISV,-0.6383486306113619,1,1,4,3
M19K,MRKLSDELLIESYFKATEKNLNRDFIELIENEIKRRSLGHIISV,-0.5816028855794837,1,1,4,3
M19L,MRKLSDELLIESYFKATELNLNRDFIELIENEIKRRSLGHIISV,0.1165033256584266,1,0,4,3
M19N,MRKLSDELLIESYFKATENNLNRDFIELIENEIKRRSLGHIISV,-0.2888245994902374,1,0,4,3
M19P,MRKLSDELLIESYFKATEPNLNRDFIELIENEIKRRSLGHIISV,-1.863230516949668,0,4,4,3
M19Q,MRKLSDELLIESYFKATEQNLNRDFIELIENEIKRRSLGHIISV,-0.1960873470922357,1,2,4,3
M19R,MRKLSDELLIESYFKATERNLNRDFIELIENEIKRRSLGHIISV,-0.6264270966199121,1,2,4,3
M19S,MRKLSDELLIESYFKATESNLNRDFIELIENEIKRRSLGHIISV,-0.3635615873999209,1,3,4,3
M19T,MRKLSDELLIESYFKATETNLNRDFIELIENEIKRRSLGHIISV,-0.6674081044227744,1,0,4,3
M19V,MRKLSDELLIESYFKATEVNLNRDFIELIENEIKRRSLGHIISV,-0.7937834654937936,1,4,4,3
M19W,MRKLSDELLIESYFKATEWNLNRDFIELIENEIKRRSLGHIISV,-0.6390673271824907,1,1,4,3
M19Y,MRKLSDELLIESYFKATEYNLNRDFIELIENEIKRRSLGHIISV,-0.3840692841953741,1,2,4,3
M1A,ARKLSDELLIESYFKATEMNLNRDFIELIENEIKRRSLGHIISV,-0.974916348828308,1,3,1,3
M1C,CRKLSDELLIESYFKATEMNLNRDFIELIENEIKRRSLGHIISV,0.0505979776337026,1,3,1,3
M1D,DRKLSDELLIESYFKATEMNLNRDFIELIENEIKRRSLGHIISV,-1.805912246069127,0,1,1,3
M1E,ERKLSDELLIESYFKATEMNLNRDFIELIENEIKRRSLGHIISV,-1.5500757198491515,0,3,1,3
M1F,FRKLSDELLIESYFKATEMNLNRDFIELIENEIKRRSLGHIISV,0.1753321821436104,1,0,1,3
M1G,GRKLSDELLIESYFKATEMNLNRDFIELIENEIKRRSLGHIISV,-1.6014749079030688,0,4,1,3
M1H,HRKLSDELLIESYFKATEMNLNRDFIELIENEIKRRSLGHIISV,-0.9371346920768162,1,0,1,3
M1I,IRKLSDELLIESYFKATEMNLNRDFIELIENEIKRRSLGHIISV,1.1769091494146284,1,4,1,3
M1K,KRKLSDELLIESYFKATEMNLNRDFIELIENEIKRRSLGHIISV,-1.802450657921429,0,1,1,3
M1L,LRKLSDELLIESYFKATEMNLNRDFIELIENEIKRRSLGHIISV,0.8136149351640629,1,0,1,3
M1N,NRKLSDELLIESYFKATEMNLNRDFIELIENEIKRRSLGHIISV,-1.3981343605357308,0,1,1,3
M1P,PRKLSDELLIESYFKATEMNLNRDFIELIENEIKRRSLGHIISV,-0.9816487866599584,1,2,1,3
M1Q,QRKLSDELLIESYFKATEMNLNRDFIELIENEIKRRSLGHIISV,-1.42352820800465,0,3,1,3
M1R,RRKLSDELLIESYFKATEMNLNRDFIELIENEIKRRSLGHIISV,-1.725647613194316,0,4,1,3
M1S,SRKLSDELLIESYFKATEMNLNRDFIELIENEIKRRSLGHIISV,-1.4477597183937665,0,3,1,3
M1T,TRKLSDELLIESYFKATEMNLNRDFIELIENEIKRRSLGHIISV,-0.9941273684566712,1,1,1,3
M1V,VRKLSDELLIESYFKATEMNLNRDFIELIENEIKRRSLGHIISV,0.6371323377444416,1,3,1,3
M1W,WRKLSDELLIESYFKATEMNLNRDFIELIENEIKRRSLGHIISV,-0.122160861702663,1,4,1,3
M1Y,YRKLSDELLIESYFKATEMNLNRDFIELIENEIKRRSLGHIISV,-0.296896218830879,1,1,1,3
N20A,MRKLSDELLIESYFKATEMALNRDFIELIENEIKRRSLGHIISV,-0.1354179225901761,1,4,0,3
N20C,MRKLSDELLIESYFKATEMCLNRDFIELIENEIKRRSLGHIISV,-0.2711690687313481,1,2,0,3
N20D,MRKLSDELLIESYFKATEMDLNRDFIELIENEIKRRSLGHIISV,-0.3401355186223194,1,4,0,3
N20E,MRKLSDELLIESYFKATEMELNRDFIELIENEIKRRSLGHIISV,-0.3594908725574921,1,3,0,3
N20F,MRKLSDELLIESYFKATEMFLNRDFIELIENEIKRRSLGHIISV,-0.2989486047880918,1,0,0,3
N20G,MRKLSDELLIESYFKATEMGLNRDFIELIENEIKRRSLGHIISV,0.1597943140141828,1,1,0,3
N20H,MRKLSDELLIESYFKATEMHLNRDFIELIENEIKRRSLGHIISV,-0.089479649647874,1,2,0,3
N20I,MRKLSDELLIESYFKATEMILNRDFIELIENEIKRRSLGHIISV,-0.7162202606934462,1,0,0,3
N20K,MRKLSDELLIESYFKATEMKLNRDFIELIENEIKRRSLGHIISV,-0.1120753167023944,1,0,0,3
N20L,MRKLSDELLIESYFKATEMLLNRDFIELIENEIKRRSLGHIISV,-0.2543011826497681,1,0,0,3
N20M,MRKLSDELLIESYFKATEMMLNRDFIELIENEIKRRSLGHIISV,-0.1081525507985259,1,1,0,3
N20P,MRKLSDELLIESYFKATEMPLNRDFIELIENEIKRRSLGHIISV,-0.7155669679569701,1,1,0,3
N20Q,MRKLSDELLIESYFKATEMQLNRDFIELIENEIKRRSLGHIISV,-0.0573483444635005,1,0,0,3
N20R,MRKLSDELLIESYFKATEMRLNRDFIELIENEIKRRSLGHIISV,-0.237318815239159,1,4,0,3
N20S,MRKLSDELLIESYFKATEMSLNRDFIELIENEIKRRSLGHIISV,-0.242399474584519,1,4,0,3
N20T,MRKLSDELLIESYFKATEMTLNRDFIELIENEIKRRSLGHIISV,-0.6127854414262037,1,0,0,3
N20V,MRKLSDELLIESYFKATEMVLNRDFIELIENEIKRRSLGHIISV,-0.5556659713457259,1,4,0,3
N20W,MRKLSDELLIESYFKATEMWLNRDFIELIENEIKRRSLGHIISV,-0.366721108427213,1,0,0,3
N20Y,MRKLSDELLIESYFKATEMYLNRDFIELIENEIKRRSLGHIISV,-0.3607664014228748,1,1,0,3
N22A,MRKLSDELLIESYFKATEMNLARDFIELIENEIKRRSLGHIISV,0.1815863272683353,1,4,2,3
N22D,MRKLSDELLIESYFKATEMNLDRDFIELIENEIKRRSLGHIISV,0.1331834162162772,1,2,2,3
N22E,MRKLSDELLIESYFKATEMNLERDFIELIENEIKRRSLGHIISV,-0.0576017318001502,1,1,2,3
N22F,MRKLSDELLIESYFKATEMNLFRDFIELIENEIKRRSLGHIISV,-0.3749433174819012,1,0,2,3
N22G,MRKLSDELLIESYFKATEMNLGRDFIELIENEIKRRSLGHIISV,0.0246884926570345,1,2,2,3
N22H,MRKLSDELLIESYFKATEMNLHRDFIELIENEIKRRSLGHIISV,-0.0134926430780542,1,2,2,3
N22I,MRKLSDELLIESYFKATEMNLIRDFIELIENEIKRRSLGHIISV,-0.5655587247676248,1,1,2,3
N22K,MRKLSDELLIESYFKATEMNLKRDFIELIENEIKRRSLGHIISV,-0.2624644971456709,1,2,2,3
N22L,MRKLSDELLIESYFKATEMNLLRDFIELIENEIKRRSLGHIISV,-0.3886873348250144,1,4,2,3
N22M,MRKLSDELLIESYFKATEMNLMRDFIELIENEIKRRSLGHIISV,-0.3158982366984002,1,2,2,3
N22P,MRKLSDELLIESYFKATEMNLPRDFIELIENEIKRRSLGHIISV,0.1978961944225359,1,2,2,3
N22Q,MRKLSDELLIESYFKATEMNLQRDFIELIENEIKRRSLGHIISV,-0.1169614962534799,1,3,2,3
N22R,MRKLSDELLIESYFKATEMNLRRDFIELIENEIKRRSLGHIISV,-0.0542995989620638,1,2,2,3
N22S,MRKLSDELLIESYFKATEMNLSRDFIELIENEIKRRSLGHIISV,0.1264506434322179,1,2,2,3
N22T,MRKLSDELLIESYFKATEMNLTRDFIELIENEIKRRSLGHIISV,-0.0923038835573697,1,4,2,3
N22V,MRKLSDELLIESYFKATEMNLVRDFIELIENEIKRRSLGHIISV,-0.4969728712660615,1,2,2,3
N22W,MRKLSDELLIESYFKATEMNLWRDFIELIENEIKRRSLGHIISV,-0.3384703252557846,1,2,2,3
N22Y,MRKLSDELLIESYFKATEMNLYRDFIELIENEIKRRSLGHIISV,-0.5847931998961347,1,1,2,3
N31A,MRKLSDELLIESYFKATEMNLNRDFIELIEAEIKRRSLGHIISV,0.193270867647028,1,3,1,3
N31C,MRKLSDELLIESYFKATEMNLNRDFIELIECEIKRRSLGHIISV,-0.2948590122443622,1,2,1,3
N31D,MRKLSDELLIESYFKATEMNLNRDFIELIEDEIKRRSLGHIISV,-0.1496324698050894,1,0,1,3
N31E,MRKLSDELLIESYFKATEMNLNRDFIELIEEEIKRRSLGHIISV,0.0568572186988203,1,3,1,3
N31F,MRKLSDELLIESYFKATEMNLNRDFIELIEFEIKRRSLGHIISV,0.0636887029835211,1,4,1,3
N31G,MRKLSDELLIESYFKATEMNLNRDFIELIEGEIKRRSLGHIISV,-0.3233128746941034,1,2,1,3
N31H,MRKLSDELLIESYFKATEMNLNRDFIELIEHEIKRRSLGHIISV,-0.1393075109309118,1,1,1,3
N31I,MRKLSDELLIESYFKATEMNLNRDFIELIEIEIKRRSLGHIISV,-0.0209010563052989,1,1,1,3
N31K,MRKLSDELLIESYFKATEMNLNRDFIELIEKEIKRRSLGHIISV,-0.0181714020717667,1,4,1,3
N31L,MRKLSDELLIESYFKATEMNLNRDFIELIELEIKRRSLGHIISV,0.1696306245201659,1,4,1,3
N31M,MRKLSDELLIESYFKATEMNLNRDFIELIEMEIKRRSLGHIISV,0.1318877664108657,1,0,1,3
N31P,MRKLSDELLIESYFKATEMNLNRDFIELIEPEIKRRSLGHIISV,-2.558506934128049,0,4,1,3
N31Q,MRKLSDELLIESYFKATEMNLNRDFIELIEQEIKRRSLGHIISV,0.1672082103649179,1,4,1,3
N31R,MRKLSDELLIESYFKATEMNLNRDFIELIEREIKRRSLGHIISV,0.0039188345199354,1,3,1,3
N31S,MRKLSDELLIESYFKATEMNLNRDFIELIESEIKRRSLGHIISV,-0.023628872582849,1,2,1,3
N31T,MRKLSDELLIESYFKATEMNLNRDFIELIETEIKRRSLGHIISV,-0.0059208418250338,1,0,1,3
N31V,MRKLSDELLIESYFKATEMNLNRDFIELIEVEIKRRSLGHIISV,-0.1553929806085858,1,0,1,3
N31W,MRKLSDELLIESYFKATEMNLNRDFIELIEWEIKRRSLGHIISV,-0.1562495010210947,1,0,1,3
N31Y,MRKLSDELLIESYFKATEMNLNRDFIELIEYEIKRRSLGHIISV,-0.0113537945738735,1,2,1,3
R23A,MRKLSDELLIESYFKATEMNLNADFIELIENEIKRRSLGHIISV,-0.1517475348222317,1,4,3,3
R23C,MRKLSDELLIESYFKATEMNLNCDFIELIENEIKRRSLGHIISV,-0.6075065444327783,1,4,3,3
R23D,MRKLSDELLIESYFKATEMNLNDDFIELIENEIKRRSLGHIISV,-0.5831837110690192,1,3,3,3
R23E,MRKLSDELLIESYFKATEMNLNEDFIELIENEIKRRSLGHIISV,-0.5962223692701563,1,3,3,3
R23F,MRKLSDELLIESYFKATEMNLNFDFIELIENEIKRRSLGHIISV,-0.3763967549076232,1,0,3,3
R23G,MRKLSDELLIESYFKATEMNLNGDFIELIENEIKRRSLGHIISV,-0.4254329934081955,1,2,3,3
R23H,MRKLSDELLIESYFKATEMNLNHDFIELIENEIKRRSLGHIISV,-0.1004925005262489,1,4,3,3
R23I,MRKLSDELLIESYFKATEMNLNIDFIELIENEIKRRSLGHIISV,-0.2632930437559189,1,2,3,3
R23K,MRKLSDELLIESYFKATEMNLNKDFIELIENEIKRRSLGHIISV,-0.0606009407945524,1,4,3,3
R23L,MRKLSDELLIESYFKATEMNLNLDFIELIENEIKRRSLGHIISV,-0.265437079036622,1,2,3,3
R23M,MRKLSDELLIESYFKATEMNLNMDFIELIENEIKRRSLGHIISV,-0.3295867457632186,1,2,3,3
R23N,MRKLSDELLIESYFKATEMNLNNDFIELIENEIKRRSLGHIISV,-0.3628229122556128,1,0,3,3
R23P,MRKLSDELLIESYFKATEMNLNPDFIELIENEIKRRSLGHIISV,-0.0925797660699352,1,3,3,3
R23Q,MRKLSDELLIESYFKATEMNLNQDFIELIENEIKRRSLGHIISV,-0.2121614723375713,1,1,3,3
R23S,MRKLSDELLIESYFKATEMNLNSDFIELIENEIKRRSLGHIISV,-0.1862850589140339,1,2,3,3
R23T,MRKLSDELLIESYFKATEMNLNTDFIELIENEIKRRSLGHIISV,-0.3610728523335949,1,1,3,3
R23V,MRKLSDELLIESYFKATEMNLNVDFIELIENEIKRRSLGHIISV,-0.4021756130356846,1,0,3,3
R23W,MRKLSDELLIESYFKATEMNLNWDFIELIENEIKRRSLGHIISV,-0.207652471478879,1,2,3,3
R23Y,MRKLSDELLIESYFKATEMNLNYDFIELIENEIKRRSLGHIISV,-0.3093758096152679,1,0,3,3
R2A,MAKLSDELLIESYFKATEMNLNRDFIELIENEIKRRSLGHIISV,0.352491106766938,1,1,2,3
R2C,MCKLSDELLIESYFKATEMNLNRDFIELIENEIKRRSLGHIISV,-0.1891092362211894,1,4,2,3
R2D,MDKLSDELLIESYFKATEMNLNRDFIELIENEIKRRSLGHIISV,-0.0332067574994958,1,2,2,3
R2E,MEKLSDELLIESYFKATEMNLNRDFIELIENEIKRRSLGHIISV,0.210586392769474,1,0,2,3
R2F,MFKLSDELLIESYFKATEMNLNRDFIELIENEIKRRSLGHIISV,-0.0643931920988181,1,1,2,3
R2G,MGKLSDELLIESYFKATEMNLNRDFIELIENEIKRRSLGHIISV,-0.0339844065432171,1,2,2,3
R2H,MHKLSDELLIESYFKATEMNLNRDFIELIENEIKRRSLGHIISV,0.0979308567340346,1,1,2,3
R2I,MIKLSDELLIESYFKATEMNLNRDFIELIENEIKRRSLGHIISV,-0.156970100745589,1,4,2,3
R2K,MKKLSDELLIESYFKATEMNLNRDFIELIENEIKRRSLGHIISV,-0.0071475713198374,1,2,2,3
R2L,MLKLSDELLIESYFKATEMNLNRDFIELIENEIKRRSLGHIISV,0.2604749566256719,1,0,2,3
R2M,MMKLSDELLIESYFKATEMNLNRDFIELIENEIKRRSLGHIISV,0.5099552980971263,1,0,2,3
R2N,MNKLSDELLIESYFKATEMNLNRDFIELIENEIKRRSLGHIISV,-0.1731991689603509,1,0,2,3
R2P,MPKLSDELLIESYFKATEMNLNRDFIELIENEIKRRSLGHIISV,-0.97163411875139,1,0,2,3
R2Q,MQKLSDELLIESYFKATEMNLNRDFIELIENEIKRRSLGHIISV,0.3303109819006478,1,2,2,3
R2S,MSKLSDELLIESYFKATEMNLNRDFIELIENEIKRRSLGHIISV,0.4346801755596128,1,4,2,3
R2T,MTKLSDELLIESYFKATEMNLNRDFIELIENEIKRRSLGHIISV,0.1701737181419318,1,4,2,3
R2V,MVKLSDELLIESYFKATEMNLNRDFIELIENEIKRRSLGHIISV,-0.2143918759286558,1,0,2,3
R2W,MWKLSDELLIESYFKATEMNLNRDFIELIENEIKRRSLGHIISV,0.0706787471463439,1,0,2,3
R2Y,MYKLSDELLIESYFKATEMNLNRDFIELIENEIKRRSLGHIISV,-0.0082023121354106,1,0,2,3
R35A,MRKLSDELLIESYFKATEMNLNRDFIELIENEIKARSLGHIISV,-0.4948694057142894,1,0,0,3
R35C,MRKLSDELLIESYFKATEMNLNRDFIELIENEIKCRSLGHIISV,-1.1153454798574105,0,2,0,3
R35D,MRKLSDELLIESYFKATEMNLNRDFIELIENEIKDRSLGHIISV,-1.3079123842701958,0,4,0,3
R35E,MRKLSDELLIESYFKATEMNLNRDFIELIENEIKERSLGHIISV,-1.01592887635548,0,3,0,3
R35F,MRKLSDELLIESYFKATEMNLNRDFIELIENEIKFRSLGHIISV,-0.390726464588692,1,3,0,3
R35G,MRKLSDELLIESYFKATEMNLNRDFIELIENEIKGRSLGHIISV,-1.330069003533472,0,4,0,3
R35H,MRKLSDELLIESYFKATEMNLNRDFIELIENEIKHRSLGHIISV,-0.8098008855445885,1,0,0,3
R35I,MRKLSDELLIESYFKATEMNLNRDFIELIENEIKIRSLGHIISV,-0.8150280551664446,1,3,0,3
R35K,MRKLSDELLIESYFKATEMNLNRDFIELIENEIKKRSLGHIISV,-0.7212004198350135,1,2,0,3
R35L,MRKLSDELLIESYFKATEMNLNRDFIELIENEIKLRSLGHIISV,-0.5327830658880383,1,0,0,3
R35M,MRKLSDELLIESYFKATEMNLNRDFIELIENEIKMRSLGHIISV,-0.7418997638271776,1,4,0,3
R35N,MRKLSDELLIESYFKATEMNLNRDFIELIENEIKNRSLGHIISV,-0.8071857687650636,1,4,0,3
R35P,MRKLSDELLIESYFKATEMNLNRDFIELIENEIKPRSLGHIISV,-3.753796766751466,0,1,0,3
R35Q,MRKLSDELLIESYFKATEMNLNRDFIELIENEIKQRSLGHIISV,-0.8720646302200357,1,2,0,3
R35S,MRKLSDELLIESYFKATEMNLNRDFIELIENEIKSRSLGHIISV,-0.7380521434672509,1,2,0,3
R35T,MRKLSDELLIESYFKATEMNLNRDFIELIENEIKTRSLGHIISV,-1.0367249833480137,0,1,0,3
R35V,MRKLSDELLIESYFKATEMNLNRDFIELIENEIKVRSLGHIISV,-0.9418739098743212,1,1,0,3
R35W,MRKLSDELLIESYFKATEMNLNRDFIELIENEIKWRSLGHIISV,-0.7169340507274516,1,1,0,3
R35Y,MRKLSDELLIESYFKATEMNLNRDFIELIENEIKYRSLGHIISV,-0.4454426566185878,1,2,0,3
R36A,MRKLSDELLIESYFKATEMNLNRDFIELIENEIKRASLGHIISV,-3.040975505451431,0,1,1,4
R36C,MRKLSDELLIESYFKATEMNLNRDFIELIENEIKRCSLGHIISV,-3.3206496829914087,0,2,1,4
R36D,MRKLSDELLIESYFKATEMNLNRDFIELIENEIKRDSLGHIISV,-3.877768407749719,0,1,1,4
R36E,MRKLSDELLIESYFKATEMNLNRDFIELIENEIKRESLGHIISV,-3.614165907110823,0,3,1,4
R36F,MRKLSDELLIESYFKATEMNLNRDFIELIENEIKRFSLGHIISV,-2.5506665205340804,0,4,1,4
R36G,MRKLSDELLIESYFKATEMNLNRDFIELIENEIKRGSLGHIISV,-3.1398896153377422,0,2,1,4
R36H,MRKLSDELLIESYFKATEMNLNRDFIELIENEIKRHSLGHIISV,-3.010117151463421,0,0,1,4
R36I,MRKLSDELLIESYFKATEMNLNRDFIELIENEIKRISLGHIISV,-2.572955194609741,0,0,1,4
R36K,MRKLSDELLIESYFKATEMNLNRDFIELIENEIKRKSLGHIISV,-2.945093281596062,0,1,1,4
R36L,MRKLSDELLIESYFKATEMNLNRDFIELIENEIKRLSLGHIISV,-2.3794532648252447,0,1,1,4
R36M,MRKLSDELLIESYFKATEMNLNRDFIELIENEIKRMSLGHIISV,-2.8028409000984253,0,2,1,4
R36N,MRKLSDELLIESYFKATEMNLNRDFIELIENEIKRNSLGHIISV,-3.438000655070103,0,3,1,4
R36P,MRKLSDELLIESYFKATEMNLNRDFIELIENEIKRPSLGHIISV,-3.886825590895844,0,0,1,4
R36Q,MRKLSDELLIESYFKATEMNLNRDFIELIENEIKRQSLGHIISV,-3.090506575614265,0,2,1,4
R36S,MRKLSDELLIESYFKATEMNLNRDFIELIENEIKRSSLGHIISV,-3.2778635883885743,0,0,1,4
R36T,MRKLSDELLIESYFKATEMNLNRDFIELIENEIKRTSLGHIISV,-3.057008203073712,0,4,1,4
R36V,MRKLSDELLIESYFKATEMNLNRDFIELIENEIKRVSLGHIISV,-2.953579491729404,0,1,1,4
R36W,MRKLSDELLIESYFKATEMNLNRDFIELIENEIKRWSLGHIISV,-2.4480172708405084,0,2,1,4
R36Y,MRKLSDELLIESYFKATEMNLNRDFIELIENEIKRYSLGHIISV,-2.7051543031193,0,1,1,4
S12A,MRKLSDELLIEAYFKATEMNLNRDFIELIENEIKRRSLGHIISV,0.4672072789818768,1,2,2,4
S12C,MRKLSDELLIECYFKATEMNLNRDFIELIENEIKRRSLGHIISV,0.2338997910937807,1,1,2,4
S12D,MRKLSDELLIEDYFKATEMNLNRDFIELIENEIKRRSLGHIISV,-1.111494858779154,0,1,2,4
S12E,MRKLSDELLIEEYFKATEMNLNRDFIELIENEIKRRSLGHIISV,0.0055418926245289,1,2,2,4
S12F,MRKLSDELLIEFYFKATEMNLNRDFIELIENEIKRRSLGHIISV,0.9268558762793068,1,4,2,4
S12G,MRKLSDELLIEGYFKATEMNLNRDFIELIENEIKRRSLGHIISV,-0.5832470714782603,1,0,2,4
S12H,MRKLSDELLIEHYFKATEMNLNRDFIELIENEIKRRSLGHIISV,0.00444967047224,1,2,2,4
S12I,MRKLSDELLIEIYFKATEMNLNRDFIELIENEIKRRSLGHIISV,0.4439838852873521,1,4,2,4
S12K,MRKLSDELLIEKYFKATEMNLNRDFIELIENEIKRRSLGHIISV,-0.1947578594805556,1,3,2,4
S12L,MRKLSDELLIELYFKATEMNLNRDFIELIENEIKRRSLGHIISV,1.1121425213598792,1,1,2,4
S12M,MRKLSDELLIEMYFKATEMNLNRDFIELIENEIKRRSLGHIISV,0.7811457846524874,1,1,2,4
S12N,MRKLSDELLIENYFKATEMNLNRDFIELIENEIKRRSLGHIISV,-0.3802307242970237,1,0,2,4
S12P,MRKLSDELLIEPYFKATEMNLNRDFIELIENEIKRRSLGHIISV,-3.217961983952338,0,0,2,4
S12Q,MRKLSDELLIEQYFKATEMNLNRDFIELIENEIKRRSLGHIISV,0.1525256790421538,1,1,2,4
S12R,MRKLSDELLIERYFKATEMNLNRDFIELIENEIKRRSLGHIISV,-0.4164785439632648,1,1,2,4
S12T,MRKLSDELLIETYFKATEMNLNRDFIELIENEIKRRSLGHIISV,0.5131239887015062,1,2,2,4
S12V,MRKLSDELLIEVYFKATEMNLNRDFIELIENEIKRRSLGHIISV,0.4838136465301494,1,0,2,4
S12W,MRKLSDELLIEWYFKATEMNLNRDFIELIENEIKRRSLGHIISV,1.0715742022411092,1,2,2,4
S12Y,MRKLSDELLIEYYFKATEMNLNRDFIELIENEIKRRSLGHIISV,0.6707488191323909,1,2,2,4
S37A,MRKLSDELLIESYFKATEMNLNRDFIELIENEIKRRALGHIISV,-0.0128367464828871,1,1,2,4
S37D,MRKLSDELLIESYFKATEMNLNRDFIELIENEIKRRDLGHIISV,-0.2183118812228035,1,0,2,4
S37E,MRKLSDELLIESYFKATEMNLNRDFIELIENEIKRRELGHIISV,-0.1998472095545778,1,4,2,4
S37F,MRKLSDELLIESYFKATEMNLNRDFIELIENEIKRRFLGHIISV,0.0656166181134096,1,0,2,4
S37G,MRKLSDELLIESYFKATEMNLNRDFIELIENEIKRRGLGHIISV,0.2306775039530233,1,2,2,4
S37H,MRKLSDELLIESYFKATEMNLNRDFIELIENEIKRRHLGHIISV,0.0772360634115441,1,2,2,4
S37I,MRKLSDELLIESYFKATEMNLNRDFIELIENEIKRRILGHIISV,-0.6370660920102997,1,1,2,4
S37K,MRKLSDELLIESYFKATEMNLNRDFIELIENEIKRRKLGHIISV,0.1729681501552398,1,3,2,4
S37L,MRKLSDELLIESYFKATEMNLNRDFIELIENEIKRRLLGHIISV,0.0845778502663838,1,0,2,4
S37M,MRKLSDELLIESYFKATEMNLNRDFIELIENEIKRRMLGHIISV,0.0979270618186318,1,4,2,4
S37N,MRKLSDELLIESYFKATEMNLNRDFIELIENEIKRRNLGHIISV,0.1370359250977504,1,0,2,4
S37P,MRKLSDELLIESYFKATEMNLNRDFIELIENEIKRRPLGHIISV,-1.8059465633582936,0,0,2,4
S37Q,MRKLSDELLIESYFKATEMNLNRDFIELIENEIKRRQLGHIISV,0.0385022018747021,1,2,2,4
S37R,MRKLSDELLIESYFKATEMNLNRDFIELIENEIKRRRLGHIISV,0.2080398317416794,1,1,2,4
S37T,MRKLSDELLIESYFKATEMNLNRDFIELIENEIKRRTLGHIISV,-0.3865715988892866,1,4,2,4
S37V,MRKLSDELLIESYFKATEMNLNRDFIELIENEIKRRVLGHIISV,-0.4316406388776306,1,4,2,4
S37W,MRKLSDELLIESYFKATEMNLNRDFIELIENEIKRRWLGHIISV,-0.2825848642766857,1,0,2,4
S37Y,MRKLSDELLIESYFKATEMNLNRDFIELIENEIKRRYLGHIISV,-0.0847653894541178,1,0,2,4
S43A,MRKLSDELLIESYFKATEMNLNRDFIELIENEIKRRSLGHIIAV,0.0927200988108341,1,4,3,4
S43C,MRKLSDELLIESYFKATEMNLNRDFIELIENEIKRRSLGHIICV,-0.1596759208960998,1,4,3,4
S43D,MRKLSDELLIESYFKATEMNLNRDFIELIENEIKRRSLGHIIDV,0.0107044032203216,1,3,3,4
S43E,MRKLSDELLIESYFKATEMNLNRDFIELIENEIKRRSLGHIIEV,0.1053702247426047,1,3,3,4
S43F,MRKLSDELLIESYFKATEMNLNRDFIELIENEIKRRSLGHIIFV,-0.2684823228482633,1,4,3,4
S43G,MRKLSDELLIESYFKATEMNLNRDFIELIENEIKRRSLGHIIGV,0.1429018606588017,1,1,3,4
S43H,MRKLSDELLIESYFKATEMNLNRDFIELIENEIKRRSLGHIIHV,0.0856708798737795,1,3,3,4
S43I,MRKLSDELLIESYFKATEMNLNRDFIELIENEIKRRSLGHIIIV,0.1134847062834154,1,2,3,4
S43K,MRKLSDELLIESYFKATEMNLNRDFIELIENEIKRRSLGHIIKV,0.117640868680533,1,2,3,4
S43L,MRKLSDELLIESYFKATEMNLNRDFIELIENEIKRRSLGHIILV,-0.0029300880383216,1,2,3,4
S43M,MRKLSDELLIESYFKATEMNLNRDFIELIENEIKRRSLGHIIMV,-0.0412140577104445,1,0,3,4
S43N,MRKLSDELLIESYFKATEMNLNRDFIELIENEIKRRSLGHIINV,0.0946084695202085,1,3,3,4
S43P,MRKLSDELLIESYFKATEMNLNRDFIELIENEIKRRSLGHIIPV,-0.069337158458663,1,0,3,4
S43Q,MRKLSDELLIESYFKATEMNLNRDFIELIENEIKRRSLGHIIQV,0.1298917292794406,1,1,3,4
S43R,MRKLSDELLIESYFKATEMNLNRDFIELIENEIKRRSLGHIIRV,0.0626491811047929,1,4,3,4
S43T,MRKLSDELLIESYFKATEMNLNRDFIELIENEIKRRSLGHIITV,0.1753285133056694,1,4,3,4
S43V,MRKLSDELLIESYFKATEMNLNRDFIELIENEIKRRSLGHIIVV,0.0633756918003163,1,1,3,4
S43W,MRKLSDELLIESYFKATEMNLNRDFIELIENEIKRRSLGHIIWV,-0.5914480448163815,1,3,3,4
S43Y,MRKLSDELLIESYFKATEMNLNRDFIELIENEIKRRSLGHIIYV,-0.3962031232156153,1,1,3,4
S5A,MRKLADELLIESYFKATEMNLNRDFIELIENEIKRRSLGHIISV,-0.6290861085169333,1,4,0,4
S5C,MRKLCDELLIESYFKATEMNLNRDFIELIENEIKRRSLGHIISV,-0.5583131190398882,1,4,0,4
S5D,MRKLDDELLIESYFKATEMNLNRDFIELIENEIKRRSLGHIISV,-0.7247399156547107,1,1,0,4
S5E,MRKLEDELLIESYFKATEMNLNRDFIELIENEIKRRSLGHIISV,-1.0052868283980805,0,0,0,4
S5F,MRKLFDELLIESYFKATEMNLNRDFIELIENEIKRRSLGHIISV,-1.097290418160933,0,1,0,4
S5G,MRKLGDELLIESYFKATEMNLNRDFIELIENEIKRRSLGHIISV,-0.7766326441451494,1,0,0,4
S5H,MRKLHDELLIESYFKATEMNLNRDFIELIENEIKRRSLGHIISV,-1.1715226365314615,0,3,0,4
S5I,MRKLIDELLIESYFKATEMNLNRDFIELIENEIKRRSLGHIISV,-0.790133776783835,1,4,0,4
S5K,MRKLKDELLIESYFKATEMNLNRDFIELIENEIKRRSLGHIISV,-0.9445519094654866,1,2,0,4
S5L,MRKLLDELLIESYFKATEMNLNRDFIELIENEIKRRSLGHIISV,-1.0125125685990457,0,2,0,4
S5M,MRKLMDELLIESYFKATEMNLNRDFIELIENEIKRRSLGHIISV,-1.0684636267511696,0,4,0,4
S5N,MRKLNDELLIESYFKATEMNLNRDFIELIENEIKRRSLGHIISV,-0.602502126226196,1,1,0,4
S5P,MRKLPDELLIESYFKATEMNLNRDFIELIENEIKRRSLGHIISV,-0.2921076557925621,1,4,0,4
S5Q,MRKLQDELLIESYFKATEMNLNRDFIELIENEIKRRSLGHIISV,-1.121948157870456,0,1,0,4
S5R,MRKLRDELLIESYFKATEMNLNRDFIELIENEIKRRSLGHIISV,-0.8684742042080198,1,1,0,4
S5T,MRKLTDELLIESYFKATEMNLNRDFIELIENEIKRRSLGHIISV,-0.045481710226781,1,4,0,4
S5V,MRKLVDELLIESYFKATEMNLNRDFIELIENEIKRRSLGHIISV,-0.9961437436548382,1,2,0,4
S5W,MRKLWDELLIESYFKATEMNLNRDFIELIENEIKRRSLGHIISV,-1.0701499726458574,0,4,0,4
S5Y,MRKLYDELLIESYFKATEMNLNRDFIELIENEIKRRSLGHIISV,-1.170991741143408,0,1,0,4
T17A,MRKLSDELLIESYFKAAEMNLNRDFIELIENEIKRRSLGHIISV,-0.1502172696574111,1,3,2,4
T17C,MRKLSDELLIESYFKACEMNLNRDFIELIENEIKRRSLGHIISV,-0.1457280910716818,1,2,2,4
T17D,MRKLSDELLIESYFKADEMNLNRDFIELIENEIKRRSLGHIISV,-0.9073388655634004,1,1,2,4
T17E,MRKLSDELLIESYFKAEEMNLNRDFIELIENEIKRRSLGHIISV,-0.5309098797470178,1,2,2,4
T17F,MRKLSDELLIESYFKAFEMNLNRDFIELIENEIKRRSLGHIISV,0.1569491652500199,1,0,2,4
T17G,MRKLSDELLIESYFKAGEMNLNRDFIELIENEIKRRSLGHIISV,-0.4476500577443891,1,4,2,4
T17H,MRKLSDELLIESYFKAHEMNLNRDFIELIENEIKRRSLGHIISV,0.1582680376721459,1,4,2,4
T17I,MRKLSDELLIESYFKAIEMNLNRDFIELIENEIKRRSLGHIISV,0.3544077516682677,1,2,2,4
T17K,MRKLSDELLIESYFKAKEMNLNRDFIELIENEIKRRSLGHIISV,0.3933460812336329,1,0,2,4
T17L,MRKLSDELLIESYFKALEMNLNRDFIELIENEIKRRSLGHIISV,0.1083025640418338,1,3,2,4
T17M,MRKLSDELLIESYFKAMEMNLNRDFIELIENEIKRRSLGHIISV,0.2718669651803558,1,3,2,4
T17N,MRKLSDELLIESYFKANEMNLNRDFIELIENEIKRRSLGHIISV,-0.213132636569763,1,3,2,4
T17P,MRKLSDELLIESYFKAPEMNLNRDFIELIENEIKRRSLGHIISV,-1.3186879883045162,0,2,2,4
T17Q,MRKLSDELLIESYFKAQEMNLNRDFIELIENEIKRRSLGHIISV,0.1796304205104668,1,1,2,4
T17R,MRKLSDELLIESYFKAREMNLNRDFIELIENEIKRRSLGHIISV,0.4849547237431375,1,4,2,4
T17S,MRKLSDELLIESYFKASEMNLNRDFIELIENEIKRRSLGHIISV,-0.1882990264355672,1,0,2,4
T17V,MRKLSDELLIESYFKAVEMNLNRDFIELIENEIKRRSLGHIISV,0.2888459524728857,1,0,2,4
T17W,MRKLSDELLIESYFKAWEMNLNRDFIELIENEIKRRSLGHIISV,0.3539153361911662,1,3,2,4
T17Y,MRKLSDELLIESYFKAYEMNLNRDFIELIENEIKRRSLGHIISV,0.10275162608011,1,3,2,4
V44A,MRKLSDELLIESYFKATEMNLNRDFIELIENEIKRRSLGHIISA,0.1837347433282601,1,0,4,4
V44C,MRKLSDELLIESYFKATEMNLNRDFIELIENEIKRRSLGHIISC,-0.2686248197664165,1,4,4,4
V44D,MRKLSDELLIESYFKATEMNLNRDFIELIENEIKRRSLGHIISD,0.1165352151764569,1,0,4,4
V44E,MRKLSDELLIESYFKATEMNLNRDFIELIENEIKRRSLGHIISE,0.1171546713075701,1,3,4,4
V44F,MRKLSDELLIESYFKATEMNLNRDFIELIENEIKRRSLGHIISF,0.126655998675246,1,3,4,4
V44G,MRKLSDELLIESYFKATEMNLNRDFIELIENEIKRRSLGHIISG,0.0805599024477889,1,2,4,4
V44H,MRKLSDELLIESYFKATEMNLNRDFIELIENEIKRRSLGHIISH,0.0656653363875938,1,3,4,4
V44I,MRKLSDELLIESYFKATEMNLNRDFIELIENEIKRRSLGHIISI,0.0445622912005467,1,2,4,4
V44K,MRKLSDELLIESYFKATEMNLNRDFIELIENEIKRRSLGHIISK,0.1248434263563949,1,4,4,4
V44L,MRKLSDELLIESYFKATEMNLNRDFIELIENEIKRRSLGHIISL,0.1476302796960169,1,3,4,4
V44M,MRKLSDELLIESYFKATEMNLNRDFIELIENEIKRRSLGHIISM,0.1760921926510081,1,3,4,4
V44N,MRKLSDELLIESYFKATEMNLNRDFIELIENEIKRRSLGHIISN,0.1875333783782751,1,0,4,4
V44P,MRKLSDELLIESYFKATEMNLNRDFIELIENEIKRRSLGHIISP,-0.0478103379172876,1,3,4,4
V44Q,MRKLSDELLIESYFKATEMNLNRDFIELIENEIKRRSLGHIISQ,0.1556165560639488,1,4,4,4
V44R,MRKLSDELLIESYFKATEMNLNRDFIELIENEIKRRSLGHIISR,0.0148168542069946,1,1,4,4
V44S,MRKLSDELLIESYFKATEMNLNRDFIELIENEIKRRSLGHIISS,0.1698694453755758,1,0,4,4
V44T,MRKLSDELLIESYFKATEMNLNRDFIELIENEIKRRSLGHIIST,0.1265048310192682,1,4,4,4
V44W,MRKLSDELLIESYFKATEMNLNRDFIELIENEIKRRSLGHIISW,0.1464396604169433,1,2,4,4
V44Y,MRKLSDELLIESYFKATEMNLNRDFIELIENEIKRRSLGHIISY,-0.1741199197242715,1,0,4,4
Y13A,MRKLSDELLIESAFKATEMNLNRDFIELIENEIKRRSLGHIISV,-2.2331938249193435,0,3,3,4
Y13C,MRKLSDELLIESCFKATEMNLNRDFIELIENEIKRRSLGHIISV,-1.6835483403613556,0,0,3,4
Y13D,MRKLSDELLIESDFKATEMNLNRDFIELIENEIKRRSLGHIISV,-3.4782609942368583,0,2,3,4
Y13E,MRKLSDELLIESEFKATEMNLNRDFIELIENEIKRRSLGHIISV,-3.351273657206619,0,1,3,4
Y13F,MRKLSDELLIESFFKATEMNLNRDFIELIENEIKRRSLGHIISV,-0.194801000185496,1,3,3,4
Y13G,MRKLSDELLIESGFKATEMNLNRDFIELIENEIKRRSLGHIISV,-2.9738659415369875,0,4,3,4
Y13H,MRKLSDELLIESHFKATEMNLNRDFIELIENEIKRRSLGHIISV,-1.6121964241951732,0,1,3,4
Y13I,MRKLSDELLIESIFKATEMNLNRDFIELIENEIKRRSLGHIISV,-1.806116913438759,0,2,3,4
Y13K,MRKLSDELLIESKFKATEMNLNRDFIELIENEIKRRSLGHIISV,-2.268096066199997,0,1,3,4
Y13L,MRKLSDELLIESLFKATEMNLNRDFIELIENEIKRRSLGHIISV,-0.865563249489842,1,4,3,4
Y13M,MRKLSDELLIESMFKATEMNLNRDFIELIENEIKRRSLGHIISV,-1.515746302759621,0,4,3,4
Y13N,MRKLSDELLIESNFKATEMNLNRDFIELIENEIKRRSLGHIISV,-3.0223916797518946,0,0,3,4
Y13P,MRKLSDELLIESPFKATEMNLNRDFIELIENEIKRRSLGHIISV,-3.192213553330747,0,1,3,4
Y13Q,MRKLSDELLIESQFKATEMNLNRDFIELIENEIKRRSLGHIISV,-2.557258843033118,0,0,3,4
Y13R,MRKLSDELLIESRFKATEMNLNRDFIELIENEIKRRSLGHIISV,-2.104423395260649,0,3,3,4
Y13S,MRKLSDELLIESSFKATEMNLNRDFIELIENEIKRRSLGHIISV,-2.647349144905646,0,2,3,4
Y13T,MRKLSDELLIESTFKATEMNLNRDFIELIENEIKRRSLGHIISV,-2.9895331363956723,0,3,3,4
Y13V,MRKLSDELLIESVFKATEMNLNRDFIELIENEIKRRSLGHIISV,-2.0575654308557456,0,4,3,4
Y13W,MRKLSDELLIESWFKATEMNLNRDFIELIENEIKRRSLGHIISV,0.3342619873185741,1,4,3,4
